CCI ID,NAME,Hylak_id,Depth_avg,Lake_area
799, Hawizeh marshes,175570,0.6,2.55
3114, loch Ness,13036,61.9,51.56
7889, lough Melvin,13375,7.7,20.84
2516, loch Lomond,13169,34.0,68.45
12262, loch Leven,13140,4.1,13.26
1519, lough Derg,1199,15.4,113.87
3053, Las Salinas,10285,4.7,52.52
1203, Aras Dam lake,1329,13.4,101.07
3350, Dabie lake,13472,1.7,52.34
3607, Boraphet,15728,27.5,44.19
2364, Djorf Torba,15188,21.8,16.08
3025, lac d'Hourtin,14240,7.6,57.66
562, Vaal dam,1657,11.1,287.81
1526, Lower lough Erne,13369,11.9,98.32
3109, embalse del Ebro,14379,9.9,54.28
1057, lough Corrib,1193,8.6,159.93
2965, lac Mandje,16002,3.8,42.13
455, White Nile,1527,3.7,933.5
2186, Pingvallavatn,12040,26.6,81.58
2724, laguna de Leche,9703,4.1,64.08
3132, cienaga Colorada and cienaga Catalina and naga Alibu,9868,1.0,21.39
1218, Nyumba Ya Mungu reservoir,1605,10.3,110.07
1943, lake Chiuta and lake Amaramba,1626,3.9,143.85
2111, Cienaga Chilloa,9892,2.1,96.54
3191, lake Towada,14536,72.3,60.49
833, Sirindhorn,1528,8.3,235.58
975, lac de Guiers and  Vallee du Ferlo,1520,3.6,221.01
2271, Kinkony,1631,6.7,154.74
2427, Fati,15716,2.2,85.75
2554, Lebsko,13335,3.0,69.71
588, lago Cochrane/lago Pueyrredon,999,101.8,298.95
957, lake Alaotra,1634,2.4,172.56
1632, Narvskoye reservoir,1158,6.0,106.88
3007, cienaga de Ayapel,881,1.7,120.51
3200, Talimardzhan reservoir,14696,26.9,56.63
3208, Zzzz,1,200.5,377001.91
2313, lac Ihema,15986,8.3,93.56
3379, Raznas ezers,13125,5.4,54.7
1273, lago Arapa,924,21.0,101.9
2907, laguna Parinacochas,10246,3.0,70.14
3196, etang de Cazaux,14289,7.5,55.14
2129, Kahul lake,14214,7.1,88.79
594, Tornetrask,1043,42.9,327.45
702, St Lawrence river,754,3.4,238.12
893, lake Neuchatel,1249,18.7,210.29
1115, lake Neusiedl,1242,2.1,141.51
1355, General Vintter/lago Palena,994,83.0,139.04
1505, Sniardwy,1186,15.6,120.06
2092, laguna de Castillos,10500,2.2,69.56
618, lake St Lucia,1663,16.3,321.88
1555, Indawngyi Natural lake,1480,7.5,119.62
1853, laguna Mandiore,927,22.7,144.53
2425, Narac lake,13324,11.4,78.17
2550, cienaga Zarate and cienaga Ceiba,9866,1.5,61.22
2559, laguna Gaiba,10302,7.0,97.8
2693, lago de Ilopango,9818,53.4,69.32
167, lago O'Higgins/lago San Martin and lago Ciervo and lago Cisnes and lago Gabriel Quiroz and lago Brazo Chacabuco and lago Brazo Maipu and lago Chico,88,68.0,1009.95
1248, lake Baringo,1585,14.5,125.43
1616, lagoa Poelela,16312,4.5,87.94
2167, Lubans,13088,2.8,80.62
1216, Etang de Berre and Etang de Bolmon,1298,23.3,159.05
3373, lac Assal,15807,10.8,64.4
603, Ubolratana,1517,7.2,313.38
1054, Chambri lake,1608,3.9,161.46
1479, lake Atitlan,870,72.2,122.74
1627, lake Azuei,859,30.1,117.64
2365, Hawizeh marshes,15176,1.0,89.68
2923, Manchar lake,15458,1.3,90.14
304, Fagnano lake/Cami lake,1006,69.9,586.39
806, lake Qaroun,1468,4.0,233.84
818, Taal lake,1535,65.7,235.04
1437, laguna de Tansin,868,7.9,122.5
1740, laguna Marfil,10255,7.5,93.85
1771, lac Rweru,1598,8.3,126.08
1789, Dengizkul,1327,7.1,295.78
1841, Inawashiro lake,1346,49.4,102.54
2779, cienega El Floral and cienaga Iguana,9913,1.0,33.24
462, Itezhi Tezhi dam,1629,17.3,328.54
1213, Chatyr Kol,1315,8.5,151.84
1307, lake Mainit,1556,28.9,142.66
1659, lake Naivasha,1591,13.6,128.23
690, Great Prespa lake,1312,88.0,262.6
817, Great Bitter lake,1455,6.3,205.34
306, lac Lagdo,1558,12.5,623.12
470, ozero Karakul,1330,50.6,397.05
723, lago Enriquillo,860,8.9,227.51
279, lake Assad,1365,18.2,636.77
328, Mingachevir reservoir,1313,38.5,415.51
1007, embalse de Guarico,879,9.8,187.54
1264, Chinchayqucha lake,916,3.4,163.12
729, Toktogul reservoir,1306,87.3,223.44
731, Zapatosa,876,3.8,286.55
1196, sea of Galilee,1414,23.5,162.06
1327, Tudakul lake,1324,3.1,183.71
165, lake Champlain,64,22.6,1141.3
687, lake George,1586,3.5,260.7
1869, lake Ihotry,1644,5.0,167.1
515, lago Valencia,873,32.2,370.0
310, lake Balaton,1251,3.3,577.21
352, Constance lake/Bodensee,1243,93.9,522.02
945, Hanhowuz Howdany reservoir,1349,24.8,153.65
1121, laguna Negra,969,5.3,166.03
327, lake Geneva/lac Leman,1261,155.7,571.63
415, Nam Ngum reservoir,1510,16.1,436.93
679, Vortsjarv,1164,7.6,259.79
461, Kayrakkumskoye/Kairakum reservoir,1320,9.7,429.94
488, Scutari/Skadarsko lake,1303,40.9,380.69
14, lake Chad,15,0.1,18751.52
132, lago de Rincon del bonete,966,12.2,718.48
481, lough Neagh,1180,7.8,374.73
1954, laguna Uberaba,926,2.5,325.93
524, lake Lanao,1561,74.5,353.81
526, lake Ohrid,1310,67.9,353.82
688, Song-Kul,1305,6.5,274.73
586, lake Malombe,1627,4.3,309.57
100000013,Kyoga,161,3.0,2788.19
244, Dead sea,1432,177.2,643.18
205, Laguna lake,1532,2.8,897.36
42, lago de Cahora Bassa,171,30.8,2048.68
48, lake Nasser,152,30.1,5385.34
527, lake Abhe,1548,15.8,311.84
296, Shardara reservoir,1307,9.0,745.08
117, Argentino lake,90,166.6,1319.94
245, lago de Izabal,867,12.4,670.4
106, Brokopondo,74,21.3,1066.75
156, lake Eyasi,165,0.5,1200.3
94, General Carrera lake/lago Buenos Aires,87,400.0,1763.81
322, lake Natron,1601,0.7,886.35
81, lake Bangweulu and lake Walilupe and lake Chifunabuli,169,1.0,1763.53
24, lake Volta,156,24.5,6045.16
176, lake Managua/lago Xolotlan,71,8.5,1060.87
291, Buir lake,1240,6.3,598.48
119, lake Mweru wantipa,168,3.0,1449.04
154, embalse de Guri,73,36.9,3661.1
256, lake Chilwa,170,2.0,1088.14
44, lake of the Woods,57,10.7,3472.81
35, lake Kariba,172,35.1,5276.89
67, lac Kivu,163,237.0,2400.88
146, lake Saint Clair,66,2.9,1161.17
135, Sevan lake,139,26.5,1242.22
34, Urmia lake,142,0.4,4932.76
64, Tonle Sap lake,153,12.7,2415.98
69, lake Edward,162,34.2,2241.98
46, lagoa Mirim,86,6.0,3899.7
50, lake Peipus/Peipsi,103,7.2,3489.0
30, lake Albert,159,25.0,5526.92
22, lake Turkana,158,31.8,7473.43
36, lake Mweru,167,7.6,5042.56
1149, Rann of Kutch lake,177357,1.8,3.74
20, lago Titicaca,78,111.6,8002.51
241, Sarygamysh lake,137,12.2,3772.03
100000011,Rukwa,166,3.5,5894.78
21, lago Nicaragua/Cocibolca/Granada,72,13.3,7833.32
25, Issyk Kul,136,280.5,6195.93
53, Uvs lake,121,9.9,3600.81
45, ozero Khanka,134,4.4,4118.84
7, lake Tanganyika,17,577.0,32826.65
10, lake Malawi/Nyasa/Niassa,18,261.3,29544.0
15, lake Ontario,7,84.8,19347.36
12, lake Erie,9,19.4,25767.79
4, Aral sea,13,1.1,23865.91
5, lake Huron,8,59.8,59399.3
2, lake Superior,5,146.7,81843.92
3, lake Victoria,16,41.1,67166.22
1802, laguna San Pedro,10464,1.8,85.53
329, lago Salines Grandes,84,0.3,1033.67
3471, laguna del Palmar,10434,1.3,48.74
1511, lago Pellegrini,980,2.0,108.65
343, Nahuel Huapi lake,990,156.1,528.44
1259, lago Strobel,10657,22.7,96.87
2762, laguna Coronda,965,2.1,118.92
1749, laguna de Pozuelo,10338,2.6,71.08
2280, Ibera wetlands (part of)/lago Esteros del Ibera,10406,2.2,86.14
2099, laguna del Monte,973,3.2,137.55
3218, laguna Melincue,10490,1.5,93.81
1975, laguna de Epecuen,974,3.9,149.74
219, lago Colhue Huapi,996,2.6,623.21
637, embalse rio Hondo,959,8.0,218.43
448, lago Musters,995,13.7,410.52
1295, Llancanelo lake,971,3.7,405.85
220, embalse Ezequiel Ramos Mejia,981,30.9,711.51
443, lago Cardiel,1001,18.2,349.05
379, Cerros Colorados Complex/embalse los Barrales and embalse Mari Menuco,978,7.0,395.81
171, lago Viedma,89,100.0,1193.37
84, lago Mar Chiquita,85,2.4,6132.89
3478, lake Sorell,16668,14.8,45.71
2232, Mokoan swamp (Seven Mile swamp),16631,6.7,54.86
3189, lake George,16640,4.2,49.82
1170, Great lake,1699,22.6,148.26
1726, Terewah/Narran lake,16471,1.8,67.09
800, lake Corangamite and lake Gnarpurt,1697,5.2,213.31
1409, Tandure lake and Pamamaroo lake and lake Wetherell and Bijijie lake,16551,4.8,65.68
1266, lake Wellington,1696,2.3,146.61
1422, lake Hindmarsh,1693,9.8,128.77
1537, lake Victoria,1690,6.3,107.51
1111, lago Uru Uru,10308,1.1,82.91
1951, laguna Guachuna,920,2.2,107.75
1872, lago Rogagua,923,2.2,152.75
648, lago Rogaguado,919,7.8,307.92
1016, Coipasa lake,933,0.9,886.54
133, Poopo lake,79,1.5,2247.91
953, lago Urua,889,5.2,357.76
1955, lago do Acara,10088,2.6,37.62
1560, lago do Rei and lago Marimba,10055,1.3,43.28
360, represa do Jurumirim,953,18.8,373.64
494, represa de Agua Vermelha,934,21.9,507.07
1241, rio Tefe,902,17.5,253.27
1282, Tepouma/Lagoa de Sapucua,885,3.9,186.99
915, lago Cabaliana,901,6.1,147.21
1137, lago Aiapua,908,6.4,123.44
265, bahia de Caxiuana,886,3.5,582.22
801, lagoa Feia,947,1.8,161.56
2015, lagoa dos Barros,10441,9.1,90.35
277, lago de Coari,907,20.0,642.0
513, lago Canacari,899,11.1,365.67
1656, lagoa dos Ouadros,963,7.6,117.78
231, Mangueira lagoon,968,2.6,763.41
2243, lagoa Paru,887,2.2,190.99
134, rio Xingu,1080632,3.3,0.24
200000013,Rio Tapajaos and Rio Arapiuns,1082205,2.0,0.15
1190, lago Grande de Monte Alegre,894,3.9,408.63
2367, Assean lake,5783,11.1,65.08
482, Karsakuwigamak lake and Notigi lake,462,6.4,693.35
3129, Rorey lake,2738,13.5,59.74
2351, Copp lake,4654,5.4,74.0
2809, Simpson lake,2408,17.3,65.79
1237, Finger lake,603,17.9,183.91
2109, lac a Jacques,2882,13.8,88.14
1249, Walker lake,544,6.4,134.7
2485, Zzzz,2577,14.0,75.03
2974, Kelsey lake,6764,1.0,27.85
3397, lac De Montigny,8377,9.7,95.88
1623, William lake,583,10.7,114.82
2245, Oak lake,8036,1.0,29.42
2326, Chip lake,6775,6.9,73.41
2421, Chitek lake,7204,1.9,55.1
2560, Witchekan lake,6835,1.8,55.16
3392, Magiss lake,7029,3.4,71.03
100000015,Little Playgreen lake,578,2.9,759.81
581, Split lake,479,12.2,280.54
1075, Last Mountain lake,657,11.6,213.92
2436, Weyakwin lake,6403,7.5,75.28
3231, Frog lake,6669,14.1,57.47
529, Oxford lake,532,15.1,338.65
1116, lake Rossignol,763,5.7,152.84
1540, Dunedelatue lake,222,12.1,115.22
1582, Night Hawk lake,712,13.5,109.21
1735, lac Malartic,714,11.2,112.12
2097, Pakwash lake,7721,12.4,86.77
2162, Gull lake,7191,4.6,79.28
2259, Baril lake,5140,1.0,56.49
2944, Redberry lake,7120,6.8,49.44
391, lac Ile-a-la-Crosse,493,19.0,431.88
2021, Lawford lake,6415,4.3,83.85
2263, Kazan lake,5985,2.9,81.77
3523, Wabimeig lake,7449,2.1,49.15
337, Stephens lake,477,8.0,316.85
633, lake Timiskaming,737,51.1,204.0
797, Red Sucker lake,567,8.3,236.41
940, lake Laberge,365,55.7,197.68
1169, Wabigoon lake,685,16.6,178.83
1706, Rocky lake,577,7.9,111.44
1832, North Wabasca lake,484,10.6,101.2
1989, Dog lake,647,2.3,113.63
2117, Birch lake,4089,5.7,85.94
2179, Semmens lake,6164,3.6,81.78
2262, Dezadeash lake,4620,24.3,77.73
2418, Turtle lake,6830,4.9,67.43
2447, Margaret lake,5055,13.5,78.85
2495, Clive lake,3777,3.6,64.23
2673, Whitemouth lake,8136,2.8,68.57
2709, Arsenault lake,6152,32.2,67.25
2960, Caribou lake,2455,17.4,60.65
2970, lake Newell,7837,1.9,61.28
3040, Katimik lake,7055,5.9,48.32
3133, Kilekale lake,2782,4.3,59.2
3135, Wuskwatim lake,6020,9.7,72.59
3570, Colen (western part of),6413,11.2,86.0
3587, Cardinal lake,5779,3.6,48.82
3604, Basin lake,7142,3.1,34.5
2595, Waskesiu lake,6632,22.1,70.12
3188, lac Ste Anne,6734,7.2,55.83
3243, Kingsmere lake,6603,20.6,59.25
356, Sandy lake,604,30.0,483.51
474, Pinehouse lake,500,21.7,379.1
904, Waswanipi lake,690,16.1,204.14
977, Reed lake,550,9.5,189.95
2064, Kaweenakumik lake,7057,3.9,75.32
2276, Kotcho lake,5043,3.3,81.24
2330, Hargrave lake,6418,5.6,78.36
976, Bartlett lake,320,4.4,180.54
1818, lake Manitou,750,15.8,106.04
2420, Waterhen lake,6411,9.2,84.72
3002, Parsons lake,2260,4.9,62.96
3446, Rufus lake,2149,7.9,54.96
399, Grand lake,702,50.0,496.96
486, Trout lake,646,16.7,347.42
1425, Wasekamio lake,467,12.8,368.98
2192, Buffalo lake,7209,3.9,86.19
2335, Birch lake,3411,3.1,74.88
2368, Big Sandy lake,6444,3.7,81.22
2544, Lenore lake,7175,2.9,74.84
3079, Garson lake,5763,2.8,57.85
3529, Brackett lake,3135,3.0,49.05
447, Kluane lake,363,102.1,397.6
555, lac des Quinze and lac Simard,733,28.2,328.99
949, Namew lake,581,11.3,418.81
1071, Kesagami lake,665,5.8,175.21
1640, Davy lake,433,5.0,111.07
1908, Sled lake,6414,7.4,94.4
2323, Peerless lake,470,13.4,123.6
2731, Muriel lake,6545,17.0,68.49
363, Granville lake,471,33.0,419.54
771, Wasekamio lake,467,12.8,368.98
1424, Goose lake,559,9.9,135.35
1910, Pigeon lake,7014,10.0,97.41
849, Blackwater lake,286,29.4,215.7
1676, Egg lake,527,11.0,130.68
1815, Little Sachigo lake,571,7.2,101.5
2477, Wellesley lake,4020,23.2,74.44
137, Cree lake,36,14.9,1155.15
1053, Athapapuskow lake,552,17.8,255.67
1524, Gordon lake,472,6.0,116.45
1547, Crean lake,574,19.5,125.02
1703, Kistigan lake,6334,3.8,99.95
200, lake Abitibi,707,3.5,946.77
1058, Mamawi,441,1.8,145.6
1062, Wekusko/Wekisko lake,535,27.7,175.34
2102, Mawdesley lake,6596,1.4,81.71
2594, Jackfish lake,6993,9.0,71.7
1489, Winefred lake,506,12.2,126.16
2130, Tadenet lake,2336,15.7,85.71
301, Cross lake,520,9.0,514.0
1576, Lac Ste Therese,275,9.4,115.14
2470, Richardson lake,5246,2.3,77.39
311, Atlin lake,419,85.5,589.46
566, Amisk lake,558,20.4,343.6
624, Swan lake,618,5.5,307.92
804, Sachigo lake,584,11.5,228.1
908, lac la Loche,475,9.2,208.0
1221, Pelican lake,620,4.8,154.84
1375, Candle lake,586,9.0,131.68
1594, Suggi lake,561,6.3,120.72
754, Cumberland lake,581,11.3,418.81
805, lac la Biche,531,19.6,238.98
837, Waterhen lake,632,2.7,160.03
1629, Bulmer lake,331,5.5,111.63
733, Kiskitto lake,564,5.2,174.68
1003, Talbot lake,569,8.8,184.36
501, Stuart lake,557,66.4,357.88
545, Cormorant lake,568,9.9,338.73
1019, Mahoney lake,254,17.8,183.26
1222, Beaverhill lake,594,1.0,120.7
1359, Wanapitei lake,742,30.3,133.21
430, Faber lake,301,22.0,403.03
1945, Keeley lake,6236,10.8,92.79
713, Tobin lake,589,8.4,261.09
100000014,Playgreen lake,578,2.9,759.81
1666, Travaillant lake,221,25.8,112.85
458, Bistcho lake,414,10.2,411.04
779, Wapawekka lake,534,9.5,242.17
1370, Calling lake,523,21.1,138.13
491, lake Aubry,227,26.3,376.12
1009, Missisa lake,622,5.5,182.8
538, lake St Martin,635,3.2,331.34
454, Molson lake,565,11.2,394.73
1510, Quill lakes,629,3.1,154.47
333, Black lake,425,25.0,443.84
405, Montreal lake,554,6.3,456.42
339, lake Hazen,179,93.9,547.21
367, Trout lake,386,32.2,498.87
669, Utikuma lake,494,2.9,253.72
910, Canoe lake,521,19.1,189.02
68, Wollaston lake,32,20.2,2269.59
635, lac Belot,231,22.9,294.88
72, Southern Indian lake,37,10.1,2307.45
569, Kakisa lake,377,14.7,333.45
810, lac la Plonge,524,15.7,238.32
672, Smoothstone lake,545,21.9,277.7
684, Kiskittogisu lake,553,8.1,358.57
103, Williston lake,40,43.2,1718.79
172, God's lake,44,13.5,1024.08
782, Pasfield lake,445,8.9,235.33
303, North Moose lake,48,4.1,1311.82
299, Buffalo lake,397,0.9,553.24
423, lac Saint Pierre/Saint Peter lake,744,3.1,333.51
667, Sitidgi lake,219,14.9,289.13
326, Deschambault lake,537,6.2,543.74
728, Red Deer lake,614,5.3,260.08
225, South Moose lake AND Lamb lake,48,4.1,1311.82
558, Old Wives lake,673,3.8,304.07
420, Mills lake,594073,2.2,0.15
281, Dore lake,547,10.9,627.55
540, lac Maunoir,224,25.2,335.79
646, Clearwater lake,570,8.7,283.92
323, Churchill lake,499,7.5,543.87
400, lac des Bois,230,14.2,458.53
730, Quill lakes West,631,3.3,272.89
409, Primrose lake,536,9.8,436.35
508, Cold lake,551,43.6,346.85
127, lac la Ronge,41,12.7,1296.47
426, Colville lake,228,14.5,448.2
28, Reindeer lake,38,17.0,5435.48
38, lake Nipigon,58,55.0,4505.95
465, Keller lake,291,8.0,391.42
236, lake Simcoe,759,13.4,767.03
351, Dauphin lake,641,2.3,515.73
147, Lesser Slave lake,42,11.4,1186.51
198, lake Nipissing,745,4.5,878.3
125, lake Claire,34,1.3,1332.93
100, lac la  Martre,27,10.0,1679.89
222, Peter Pond lake,498,11.5,827.51
57, Cedar lake,51,3.9,2504.26
316, Tathlina lake,387,1.0,560.63
31, lake Winnipegosis,52,3.2,5035.51
158, lac Saint Jean,59,11.0,1112.79
37, lake Manitoba,53,3.6,4751.05
23, lake Athabasca,33,20.6,7528.73
9, Great Bear lake,2,72.2,30450.64
13, lake Winnipeg,4,11.9,23923.04
11, Great Slave lake,3,59.1,26734.29
3150, lago Ofhidro,10686,24.4,50.89
2073, lago Sarmiento,10668,34.0,81.54
1583, lago Calafquem,983,58.9,114.62
2518, lago Balmaceda,10674,5.9,72.53
962, lago del Toro,1003,61.6,189.63
2228, lago Anibal Pinto,10675,11.5,82.08
831, Rupanco lake,989,92.3,231.32
1207, lago Puyehue,988,52.0,157.24
1195, lago Blanco,1005,44.4,144.31
1109, lago Villarrica,982,49.3,171.69
416, lago Ranco,987,80.6,426.6
209, lago Llanquihue,992,184.1,861.27
790, Ulansu lake/Wuliangsu lake,1314,1.0,327.2
2315, Beidagang reservoir,1368343,1.1,0.3
970, Baitu lake and Caizi lake and Xizi lake and Daisai lake,15270,2.8,71.47
2701, Daxi Haizi reservoir,14521,1.0,37.03
3476, Shitou Koumen reservoir,14316,25.8,58.11
1597, Yangcheng lake and Yangcheng West lake,1438,1.7,124.24
1618, Miyun reservoir,1317,36.0,121.66
2881, Chamu lake,14988,7.3,67.75
3111, Luotuo lake,14972,16.1,61.93
3045, Xuejing lake,14847,10.5,46.8
1504, Zhelin reservoir,1472,39.2,201.81
2475, Yuye lake,14845,7.8,80.39
2649, Chihu lake,15341,4.4,36.26
3534, Garkung lake,15010,3.5,38.83
2203, Sengli lake,15292,10.4,81.06
2613, Nyi lake,14960,7.8,38.37
3156, Yurba lake,14871,13.1,49.9
3343, Pongyin lake,15070,3.0,48.63
3539, Baidoi lake,15076,3.6,39.94
300001257,Huoshaohei lake and Tahlag lake and Yamenqi lake and Aobao lake and  Xiaoshang lake and Alqagtai lake and Talahong lake and Delong lake and Yangcaohao lake and Beiqin lake and Amuta lake and Yamenxi lake,1257,5.2,429.94
1107, Junshan lake,1476,7.5,151.81
1979, Zhangdu lake,15282,1.4,36.49
2517, Guanting reservoir,14551,25.2,90.08
531, Liangzi lake,1458,7.4,302.36
1503, Changhu lake,1456,2.9,128.23
1806, Aru lake,1397,16.1,104.73
1917, Xiangyang lake,14864,10.5,87.44
2116, Qagoi lake,15163,30.7,88.15
2786, Zzzz,14872,8.0,53.69
2018, Yueliang lake,14177,2.1,98.83
2138, Quemo lake,15013,9.8,80.93
2361, Margog lake,15014,2.3,67.52
2511, Meiriqiecuomari,15026,5.4,63.34
2877, Margai lake,14913,3.2,81.87
2946, lake Ngoin,15191,4.8,70.3
1358, Futou lake,1462,5.2,101.95
1445, Bairab lake,1379,8.0,121.34
1652, Daggyai lake,1465,18.3,110.98
1993, Xiashan reservoir,14821,3.9,99.99
3020, Keluke lake,14765,1.7,54.33
1354, Memar lake,1391,8.0,127.93
1684, Suqian lake,1331,8.2,102.62
1835, West Taiji Nai'er lake,14735,1.3,64.61
1967, Burog lake,14977,35.1,87.28
2415, Cuoda Rima lake,14898,3.7,53.86
2569, Serbug lake,15146,4.9,61.22
3078, Ngoinyar lake,15062,2.5,57.1
1270, Bohu lake,1460,5.7,128.37
1336, Bong lake,1441,38.3,144.14
1970, Mugqu lake,15232,10.0,81.23
2304, Yanghu lake,14894,6.2,59.34
2819, Telashi lake,14940,3.7,53.82
3044, Yibug lake,15063,1.7,64.98
3394, Dangqiong lake,15180,8.8,54.07
1928, Heishi North lake,14884,9.9,91.01
1971, Gomang lake,1444,14.6,101.75
2156, Changdang lake,15184,2.2,83.49
2316, Suyahu reservoir,15064,21.3,77.81
2611, Neri Pun lake,15208,3.5,75.95
3201, Rola lake,14895,3.2,64.77
681, lake Ngoin,1429,37.9,267.15
1619, Chem lake,1395,20.0,113.96
767, Erhai lake,1479,40.0,242.26
1382, Dung lake,1427,11.9,134.17
1730, Ringco Kongma lake and Ringco Ogma lake,1448,5.3,102.74
1871, Lungmu lake,14954,10.6,97.7
2104, Datong lake,15381,2.3,80.79
1205, Daihai sea,14520,2.7,86.94
1206, Dushan lake,1383,1.1,237.73
1283, Mucuo Bingni,15277,15.5,84.68
1421, Nanhu lake,1446,4.7,145.01
1653, Xi Aohaizi reservoir,1325,8.4,102.82
1790, Yaggain lake,1411,5.1,106.31
1812, Taiyang lake,1364,11.0,100.81
1827, Lagkor lake,15142,22.9,93.66
2238, Barkol lake,14332,1.6,32.43
2720, Gomo lake,15025,1.7,24.37
1417, Beihuo Luxun lake,14800,1.6,82.42
2305, Salt Water lake,14901,7.6,86.02
1130, Tousu lake,1350,9.9,142.97
2202, Cam lake,15135,5.8,93.44
629, Dabuxun lake,1353,2.0,321.88
2048, Linggo lake,1402,12.8,101.5
819, Donggei Cuona lake,1371,42.7,231.17
1323, Palung lake,1451,15.1,141.17
1432, Pung lake,1433,12.2,148.14
1534, Dawa lake,1443,11.3,105.95
1807, Jieze lake,1401,19.7,105.06
354, Ngangla Ringco,1431,10.0,498.06
708, Honghu lake,1464,2.2,215.13
924, Cuorendejia,1375,16.0,198.59
1557, Gasi Kule lake,1339,3.5,123.0
755, Chabyer lake,1437,2.3,146.74
1096, Aksayquin lake,1373,9.6,165.96
1658, Dongping lake,1359,8.2,139.85
990, Gehu lake,1434,2.9,161.56
1066, Bam lake,1440,18.3,200.64
1785, East Tsaiji Nai'er lake,1347,2.4,204.51
1063, Hada Naihaolai,1228,7.2,167.65
539, Longgan/Longhu lake,1463,5.5,302.31
596, Danjiangkou reservoir,1417,72.9,286.45
1044, Jingyu lake,1357,4.1,225.85
609, Kekexili lake,1369,12.6,300.1
623, Daguan lake and Huanghu lake,1461,6.0,261.58
736, Kusai lake,1367,16.6,261.4
812, Lexie Wudan lake,1366,16.7,220.78
876, Weishan lake/Nansi lake,1388,3.0,175.3
892, Fuxian lake,1485,65.3,215.37
1192, Kyebxang lake,1419,8.2,149.16
520, Chibzhang lake,1404,25.7,472.55
627, Dianchi pool,1483,19.7,298.34
718, Gozha lake,1378,35.7,248.04
791, Shijiu lake,1436,3.7,206.35
536, Bangong lake,1403,50.0,332.93
685, Paiku lake,1474,58.3,277.69
1079, Cuona lake,1424,33.7,188.28
592, Lumajangdong lake,1399,45.1,347.02
639, Xijir Ulan lake,1374,5.5,269.64
676, Rakshastal/La'nga lake,1452,32.5,261.27
1031, Chagan lake,1286,2.7,246.95
456, Wulanwula lake,1386,19.3,372.84
649, Puma yumco lake,1477,36.4,283.19
913, Xuru lake,1457,36.3,205.49
1174, Jili lake,1250,20.9,165.81
1891, Dogaicoring Quangco lake,1372,6.4,208.99
827, Dali Nuo'er,1300,7.7,213.64
382, Qyaring lake,1439,32.1,477.0
725, Dogai Coring lake,1389,22.5,268.13
489, Dorsoidong lake,1405,20.0,378.99
983, Rinqin Xub lake,1442,18.8,182.53
989, Zige Tang lake,1422,12.7,207.16
444, Ngangze lake,1447,8.7,389.33
543, Urru lake,1428,19.2,346.7
620, Dongting lake and Luhu lake,1470,3.0,143.81
287, Gaoyou lake and Shaobo lake,1416,7.9,703.14
1430, Luoma lake,1396,3.9,247.63
383, Taro lake,1445,34.1,473.71
732, Zhuonai lake,1370,14.7,255.38
744, Dagze lake,1425,8.5,251.56
215, Tangra Yumco,1450,120.0,825.06
511, Aqqikkol lake,1352,13.6,354.71
233, Chaohu lake,1430,2.6,786.91
78, Poyang lake and Jinxi lake,151,6.8,2398.32
300, Eling lake/Ngoring lake,1377,17.4,617.76
312, Ayakkum lake,1344,10.0,616.34
297, Ebinur lake,1290,1.4,564.86
439, Mapam Yumco lake,1454,44.8,413.6
109, Hung-tse lake,145,9.8,1374.36
336, Gyaring lake/Zhaling lake,1385,9.0,520.58
407, Sayram lake,1295,24.1,460.42
179, Zhari Namco,1449,25.0,958.1
181, Bosten lake,1304,9.1,961.84
302, Hala lake/Har lake,1336,30.0,585.6
239, Ulungur lake,1245,8.0,854.89
75, Hulun lake,123,6.2,2121.43
105, Siling lake,147,28.0,1749.53
91, Nam lake,149,44.4,1963.82
66, Taihu lake,148,2.2,2329.14
41, Qinghai lake,143,16.8,4266.55
1774, lac Kabele,1618,1.9,116.17
613, lac Tshangalele,1622,7.1,179.64
917, lac Zimbambo,1615,1.0,164.56
1046, lake Kabamba,1614,2.0,108.91
1801,lac  Kabwe,16111,1.0,97.97
674, lake Kisale,1616,2.6,298.23
90, lac Mai-Ndombe,164,17.7,2316.21
255, lac Tumba,1590,4.0,744.89
314, lake Upemba,1617,1.5,607.97
2124, lake Awasa,15887,5.1,86.8
1584, lake Afrera,1539,13.2,123.6
2395, lake Caddabassa,15827,26.6,91.6
616, Chomen lake,1555,3.6,179.62
1157, Koka lake,1560,12.6,150.3
1146, Abijata lake,1564,3.6,164.71
579, Chamo lake,1575,26.9,312.04
604, Shala lake,1565,79.6,307.79
829, Langano lake,1563,22.1,229.28
445, Ziway lake,1562,13.9,411.96
166, Abaya lake,157,7.4,1084.75
55, lake Tana,154,9.3,3059.34
2054, Vuohijarvi,1138,31.3,168.62
1061, Nilakka,1110,17.9,285.78
657, Hoytiainen,1111,28.9,283.48
1201, Vanajavesi,1140,12.2,161.56
1246, Lappajarvi,1105,17.0,144.44
157, Paijanne,98,14.0,1270.47
1240, Pyhajarvi,1146,20.7,153.02
195, Pielinen,1113,9.9,937.09
376, Lokka reservoir,1049,4.5,321.87
202, Oulujarvi,1089,7.0,889.77
2317, Chiemsee,13970,7.7,75.05
1649, Muritz,1187,8.5,107.94
3211, Boye So,2074,37.4,56.36
1099, Zzzz,261,52.7,170.06
2199, Tasersuaq,2747,31.3,82.21
2540, Zzzz,1742,29.6,71.17
3219, Zzzz,3052,32.6,54.8
1302, Tso Moriri,1413,35.5,141.25
937, Rana Pratap sagar dam,1481,16.9,171.42
1501, Matatila Dam reservoir,15490,17.3,65.6
528, Tungabhadra reservoir,1526,10.7,352.55
1219, Jayakwadi Dam reservoir/Nath sagar,1507,10.6,274.87
1059, Ukai reservoir,1504,23.0,370.3
622, Maharana Pratap sagar,1423,45.2,189.4
347, Gandhi sagar,1484,14.0,523.51
249, Hirakud reservoir,1502,16.2,500.81
442, Govind Ballabh Pant sagar,1487,26.6,398.8
1902, Lake Maninjau,15948,23.9,86.94
1904, Zzzz,1587,1.1,104.56
1257, Tage lake,1606,80.3,138.67
332, lake Towuti,1602,120.0,559.75
487, lake Poso,1594,53.9,365.64
150, lake Toba,160,212.6,1129.03
408, Hammar,15275,1.0,53.8
1482, Zzzz,15273,2.1,44.16
1293, Zzzz,15001,7.9,79.96
1076, Dukan lake,1362,56.5,120.41
484, Hadithah dam lake,1392,32.4,339.21
738, Habbaniyah lake,1407,2.7,193.38
173, Razazza lake,146,19.5,1330.22
77, Therthar lake,144,25.6,1698.86
1941, Valli di Comacchio,1296,1.7,103.79
3307, lago di Bracciano,14430,23.2,56.97
1529, lago Trasimeno,1301,10.3,119.38
505, lago di Garda,1282,72.8,354.81
1596, lago di Bolsena,1302,18.3,113.44
879, Alakol,171189,1.7,5.87
2113, ozero Teniz,13397,1.5,47.06
3258, Bugunskoye wtaer reservoir,14395,2.5,54.48
1286, Karasor,1221,6.8,147.21
2201, Bilikol,14372,1.3,77.28
2507, Azhibeksor Koli,13775,2.6,71.68
2057, Ulken Azhbolat lake,13506,1.4,91.58
1887, ozero Kadibek,1184,4.4,107.45
3421, ozero Koybagar,13586,2.9,62.29
3500, ozero Maraldy,13620,5.3,53.68
1360, lake Qamystybas,1262,6.9,148.78
1969, Aqkol lake,13885,5.5,88.76
870, Aralsor koli,1226,6.4,191.52
2148, Kishi Qaraoy koli,13414,2.0,99.41
1609, Qoshqarkol,1258,2.0,122.86
550, ozero Qusmuryn,1196,3.4,389.49
1035, Kyzylkak,1189,3.2,159.72
902, ozero Teke,1185,4.2,242.69
907, Shalkar,1214,6.2,237.89
247, Sasyqkol,1254,3.2,744.83
131, Kapshagay reservoir,135,23.3,1205.95
403, lake Markakol,1232,42.6,451.17
120, lake Tengiz,120,0.3,1422.85
271, Seletyteniz,1192,1.8,823.02
58, lake Alakol,131,22.1,2919.34
40, lake Zaysan,122,12.6,4193.6
17, lake Balqhash,12,6.7,16717.89
3614, Venustiano Carranza,9634,16.6,83.89
2484, Catemaco,9763,30.6,72.49
2157, Atasta,9760,4.8,86.48
590, lago de Cuitzeo,858,8.7,207.7
1434, Alvaro Obregon,9622,43.3,74.84
2190, laguna de Chila,9702,1.2,64.04
770, Vicente Guerrero reservoir,856,30.0,129.96
153, laguna de Chapala,70,7.5,1051.7
2682, Uvsiin Khar Us lake,13870,6.7,72.05
1431, Orog lake,1288,4.2,114.13
2270, Bayan lake,13937,18.2,65.17
2663, Oigon lake,13863,7.0,78.19
982, Sangiin Dalay lake,1225,21.7,180.96
2547, Dayan lake,13939,13.4,72.05
2314, Khukh lake,13824,2.8,97.54
920, Telmen lake,1231,13.8,208.35
1294, Airag lake,1230,7.7,125.79
630, Achit lake,1224,9.7,284.43
645, Buuntsagaan lake,1278,6.8,277.88
549, Durgun lake,1239,6.6,370.35
773, Uureg lake,1218,10.3,244.62
294, Khar lake,1236,4.1,574.52
121, Khyargas lake,124,54.4,1383.23
142, Khar-us lake,127,2.8,1120.49
59, Khuvsgul lake,119,138.6,2767.8
934, lake Pukaki,1703,78.4,175.81
295, lake Taupo,1698,96.6,611.94
116, Kainji reservoir,155,14.5,1034.85
1392, Tyrifjorden,1155,52.9,135.72
1013, Rossvatnet,1074,71.4,217.32
518, Mjosa,1152,79.6,364.81
208447, lacul Matita,170811,1.1,8.43
15309, lacul Rosu and lacul Rosulet,14242,1.0,13.42
16662, Jijila,14213,3.4,11.78
208962, lacul Isac,14235,1.0,10.59
209099, lacul Puiu,171064,1.0,8.42
17329, lacul Merhei,14215,1.0,14.55
16814, lacul Lumina,14238,1.0,13.73
208662, lacul Furtuna,170907,1.1,9.22
13916, lacul Gorgova and lacul Gorgovat,14234,1.0,14.65
8089, lacul Badabag,14260,8.5,18.81
4292, lacul Brate,14204,4.5,22.3
3097, ozero Vyshnevolotskoye,13026,5.8,74.18
1569, ozero Nedili,1101,10.9,118.87
1608, Kirpilskiy liman and  Bolshoy Orlinyy liman and Zolotoy liman et al,1268,2.0,106.82
2961, Kurchanskiy liman,14217,3.4,57.06
3312, ozero Kubuy,10955,1.1,59.89
3398, ozero Dyryn-Ebe,11593,8.9,52.22
2535, ozero Ulakhan-Kyuel',11579,6.8,73.06
3173, ozero Balyma,11550,9.7,53.82
1573, ozero Unarba 2-ya,11425,3.9,64.35
2528, ozero Chukochye,11192,3.4,70.35
2940, ozero Tuman,12840,4.6,65.54
2985, ozero Zhizhitskoye,13138,5.1,59.41
2107, ozero Orokto,10993,1.9,99.45
2926, ozero Oron,13322,12.7,58.42
2239, ozero Uryum,13359,2.2,76.91
2331, ozero Andreevskoye,12933,3.4,76.82
2027, Kostromskoye reservoir,109,6.6,1325.39
1319, Svir river,100,26.3,9961.85
2725, ozero Kadi,13653,11.3,70.31
1958, Argazinskoye reservoir,1177,19.5,104.0
2955, ozero Udilvy,13246,12.7,61.34
242, ozero Kovdozero,1060,18.1,636.71
985, ozero Ulakh Ulyung et al,11458,21.6,79.49
1997, ozero Syrkovoye,12691,14.1,88.67
2264, ozero Kurilskoye,13683,48.2,74.72
3365, ozero Arakhley,13632,9.0,57.75
472, ozero Nizhnee Kuyto,1085,17.0,445.86
2497, ozero Leushinskiy Tuman,1157,8.5,429.31
3347, ozero Duvankul',13348,2.5,42.4
2750, ozero Suturuaka,11236,6.5,70.09
1208, ozero Chlya,1190,13.5,139.76
2019, ozero Tursunskiy Tuman,12710,3.2,85.76
612, Bolshiye Kizi ozero,1207,19.4,281.07
1613, ozero Keppetekh et al,1042,9.2,140.36
2388, ozero Baskunchak,1237,7.7,125.49
2695, ozero Ruzhnikova,11557,12.9,65.69
1381, ozero Soluntakh,1014,103.3,129.08
3276, ozero Maloye Erovnoye,13576,3.1,54.47
237, Votkinsk reservoir,1169,11.2,841.72
500, ozero Udyl',1203,19.2,327.21
2273, ozero Chonduya,11365,7.5,69.36
2627, ozero Ik,13155,6.2,73.39
2696, ozero Bolshoye Yarovoye,13549,7.8,71.63
1184, ozero Gusinoye,1211,18.5,159.5
1551, ozero Chukochye,1026,5.7,125.4
825, ozero Tishke,1066,10.6,212.41
1516, ozero Baunt,1178,21.6,112.44
1734, ozero Omuk-Kyuel',1017,29.9,134.57
483, lake Chukchagirskoye,1204,15.6,372.31
851, ozero Tenis,1172,3.3,251.68
2285, ozero Ebeyty,13344,2.7,83.35
250, Proletarskoye reservoir,1255,0.5,788.34
699, ozero Pavylon et al,1039,34.4,131.51
93, Krasnoyarskoye reservoir,112,45.0,1629.53
792, ozero Nerpichye,1027,9.2,256.44
434, lake Kubenskoye,1156,6.7,427.83
561, ozero Lama,1025,90.0,617.79
1787, Bolshoye Yeravnoye lake,1201,8.6,102.83
1011, ozero Bolshoy Uvat,1166,4.0,190.09
102, Ust-ilimskoye reservoir,108,34.8,1702.79
427, ozero Vozhe,1149,5.2,388.23
502, ozero Bolon',1220,12.5,323.6
936, ozero Yanisyarvi,1129,26.9,194.32
1029, ozero Evoron,1210,3.1,180.03
1187, ozero Ozhogino,1029,20.7,158.99
61, Volgogradskoye reservoir,126,12.1,2613.38
113, Saratovskoye reservoir,118,12.0,1073.41
273, Kumskoye reservoir,1071,19.3,865.63
1793, ozero Shalkar-Egakara,1212,1.8,119.4
601, Krasnodarskoye reservoir,1289,11.3,269.16
1050, ozero Kuchukskoye,1200,5.6,164.38
608, ozero Orel',1191,11.4,305.85
756, ozero Kronotskoye,1181,42.4,245.5
960, ozero Malye Chany,1182,2.2,204.03
104, Kamskoye/Kama reservoir,106,7.7,1584.87
240, ozero Pyasino,1022,4.0,700.69
533, lake Lacha,1136,4.6,300.19
193, Gorky reservoir,109,6.6,1325.39
944, ozero Bolshoye Morskoye,1021,7.4,231.58
1083, ozero Elton,1227,9.3,185.65
92, ozero Chany,114,2.1,1966.57
794, ozero Sartlan,1179,3.4,226.52
136, ozero Vygozero,95,7.9,1167.6
186, Kumskoye reservoir,1080,16.0,973.0
190, Novosibirskoye reservoir,113,8.6,1024.14
112, Khantayskoye reservoir,93,10.7,2188.58
39, Bratskoye reservoir,110,35.1,4810.66
228, ozero Segozerskoye,1103,30.1,778.69
71, Tsimlyanskoye reservoir,128,10.6,2253.94
43, ozero Taymyr,91,2.6,4908.66
262, lake Kulundinskoye,1195,2.8,672.26
88, Zeyskoye reservoir,115,30.6,2234.7
192, lake Ilmen,1163,12.5,959.75
33, Kuybyshevskoye reservoir,116,11.5,5060.1
160, lake Beloye,101,4.4,1182.4
47, Rybinkskoye reservoir,107,6.3,4042.34
18, lake Onega,100,26.3,9961.85
8, lake Baykal/Baikal,11,738.7,31967.85
16, lake Ladoga,10,48.0,17444.01
6785, Erken,12809,7.2,23.14
2798, Runn,12717,10.3,63.19
811, Stora Lulevatten,1057,2.8,220.73
1831, Glafsfjorden,12881,24.5,99.12
2473, Storsjon,12689,9.4,69.93
3281, Orsasjon/Orsa,12609,9.2,52.1
163, Malaren,102,12.9,1083.13
1028, Bolmen,1170,15.4,172.52
710, Uddjaure,1072,16.2,247.51
1893, Roxen,12965,13.1,94.55
2336, Norra Dellen,12465,15.0,79.88
2358, Glan,12959,18.7,76.28
1984, Unden,12951,22.9,93.52
1423, Skagern,1162,2.4,131.43
387, Hjalmaren,1160,17.0,474.39
654, Siljan,1150,25.9,290.88
393, Storsjon,1104,38.3,488.65
95, Vattern,104,39.2,1888.04
29, Vanern,105,27.9,5486.23
1236, Ulubat lake,1321,9.7,118.17
1110, Hirfanli reservoir,1326,32.5,183.88
881, Burdur lake,1342,12.4,157.67
1840, Ercek lake,1333,20.4,106.14
1518, Cildir lake,1311,32.3,119.34
1145, Kus lake,1322,4.8,149.39
634, Iznik lake,1319,19.2,299.92
552, lake Aksehir,1335,1.7,206.86
390, lake Egirdir,1340,49.6,455.78
267, lake Beysehir,1343,6.6,626.91
51, lake Van,141,170.1,3568.73
3309, Kytai lake,14203,7.4,51.52
2803, Kotlabukh lake,14209,5.0,59.54
840, Yalpuh lake,1284,13.5,225.08
361, Dniprodzerzhyns'ke reservoir,1233,4.9,506.72
471, Kanivs'ke reservoir,1223,5.3,470.09
436, Kyivs'ke reservoir,1213,5.9,636.17
79, Kakhovs'ke reservoir,129,8.7,2092.3
87, Kremenchuk/Kremenchuts'ke reservoir,125,7.3,1849.09
9322, Sunapee lake,9068,3.2,15.77
211002, lake Auburn,110510,4.7,8.89
2371, Bering lake and Starodubtsov lake,4653,10.5,14.04
12471, Trout lake,8736,11.0,15.24
5506, Great Pond,8976,1.6,33.91
13377, Douglas lake,8817,7.8,14.66
1344, Oolagah lake,807,16.8,114.71
2032, Eagle lake,787,31.3,100.73
2403, lake Brooks,5203,28.0,75.13
2132, Spring lake and Mississippi river,1052702,3.3,0.18
3238, lake Verret,9547,3.3,56.78
4503, lake Mendota,9086,4.8,41.12
2369, Black lake and Starks North canal,9533,1.0,58.97
2812, Potholes reservoir,8580,6.8,60.7
122, lake Oahe,65,26.6,1092.54
1467, Ross R. Barnett reservoir,9475,47.2,89.1
1714, lake Poygan and lake Butte des Morts,762,6.4,645.53
2253, Clear Lake reservoir,9138,8.1,91.5
2978, Burt lake,8838,16.1,69.09
931, Robert S. Kerr reservoir,814,4.8,135.41
1368, lake Kissimmee,854,7.4,121.12
2616, lake Harris,9597,7.7,72.33
2898, Grenada lake,826,31.2,107.48
362, lake Sam Rayburn,839,20.6,380.2
2988, lac des Allemands,9543,1.5,69.92
1567, Choke Canyon reservoir,9605,24.3,55.08
1745, Skilak lake,4605,30.5,98.69
1748, lake Almanor,790,15.7,102.87
1761, lake Cascade,8978,8.5,94.78
1756, Great Sacandaga lake,9074,10.0,97.56
554, lake Clark,406,50.7,323.28
1239, Tazlina lake,352,56.0,157.13
2168, Millwood lake,9420,24.5,93.21
201, Fort Peck lake,721,28.9,814.09
1193, Canyon Ferry lake,743,23.7,121.05
3493, Crater lake,9092,149.6,52.81
1199, Devils lake and Pelican lake,723,8.3,343.2
2345, Houghton lake,8993,5.7,80.24
2799, Phelps lake,9340,3.7,63.07
110, lake Sakakawea,62,26.8,1126.82
534, lake Livingston,841,11.5,219.58
559, Upper Klamath lake and Agency lake,777,2.3,276.63
1026, American Falls reservoir,775,10.3,199.28
243, Toledo Bend reservoir,838,10.5,599.62
556, lake Marion,828,6.8,223.33
1129, Grand lake et al,843,1.5,190.81
2655, Tetlin lake,3816,24.5,67.24
905, Oneida lake,770,11.1,206.85
1498, Sebago lake,766,4.0,118.75
1128, Walker lake,795,24.2,142.0
1509, Summer lake,774,3.8,108.97
546, lake Pend Oreille,719,4.0,360.27
1148, lake Mattamuskeet,812,2.6,158.51
1154, lake Abert,776,30.2,174.35
1188, Clear lake,794,40.6,156.02
882, Upper Ugashik lake,453,23.0,212.15
1493, lake Apopka,852,10.8,123.31
748, Calcasieu lake,844,4.2,256.31
883, Mono lake,798,8.4,185.96
377, Naknek lake ,439,80.0,585.43
572, Yellowstone lake,760,42.9,340.47
632, Tustumena lake,402,42.9,295.52
929, lake George,849,8.9,185.24
872, White lake,846,1.3,225.56
350, Malheur lake,769,2.5,300.28
824, lake Moultrie,830,6.2,220.89
450, Leech lake,738,2.0,412.55
677, Bear lake,778,37.0,281.36
375, Flathead lake,730,4.5,486.65
761, lake Winnibigoshish,735,2.7,248.33
954, Inland lake,235,2.2,216.18
1010, Lower Ugashik lake,454,13.4,186.14
523, Utah lake,788,4.7,362.19
464, Goose lake,780,11.3,427.91
746, lake Maurepas,842,1.5,236.99
340, lake Winnebago,762,6.4,645.53
411, Pyramid lake,791,26.8,476.87
380, lake Tahoe,792,282.5,495.62
366, Mille Lacs lake,746,7.8,516.15
151, Red (upper & lower) lake,61,3.7,1141.61
145, Becharof lake,35,55.6,1166.38
194, Salton sea,829,8.9,956.86
26, Great Salt lake,67,3.5,6478.85
62, Iliamna lake,31,43.8,2634.62
114, lake Okeechobee,69,4.0,1418.77
6, lake Michigan,6,84.2,57726.84
100000004,lough Mourve,1317590,4.5,0.46
164651,Portmore lough,162872,1.1,1.53
18089,Macnean lough,163152,4.3,4.15
7840,Loskop reservoir,16337,14.8,23.55
8527,Cuerda Del Pozo reservoir,14442,16.0,14.31
18140,Rosarito reservoir,14555,8.4,10.11
3566, Iznajar reservoir,14762,63.0,15.56
4947,Erne lough,13389,4.6,25.54
10694,Hartbeespoort reservoir,16342,11.7,16.88
4953,Bogoria lake,15943,23.2,36.25
300011902, Blondulon,11902,7.5,53.44
300013112, Cirma,13112,4.5,11.77
300013166, Sivers,13166,4.1,16.0
300013263, Losvida,13263,7.8,10.45
300013921, Lipno Dam,13921,7.0,43.78
300013969, Attersee,13969,37.5,44.14
300014167, Lac du Bourget,14167,68.9,42.56
300014434, Batak,14434,16.1,18.93
300014950, barrage Mohamed V,14950,44.8,16.31
300015969, Mutanda,15969,18.4,21.14
300016011, Jipe,16011,2.0,24.86
300016040, Lagoa de Massabi,16040,5.6,37.69
300016145, Mita Hills dam,16145,25.8,58.77
300016238, Sebakwe,16238,12.3,21.59
300016306, Nhangela Cudhui Lakes,16306,2.3,15.61
300016455, Albert Falls,16455,12.8,22.6
100000003,Theewaterskloof reservoir,16612,11.7,37.02
300001518, Lam Pao,1518,7.1,202.51
300012051, Javsjon,12051,7.5,16.52
300013184, Rekyva,13184,2.6,11.69
300013193, Sennitsa,13193,3.5,12.22
300013241, Tisso,13241,2.9,11.93
300013306, Miadziel,13306,3.6,14.14
300013443, Lough Sheelin,13443,3.9,17.14
300014052, Thunersee,14052,51.6,45.83
300015923, Nyaguo,15923,1.1,24.14
300016137, Lusiwasi,16137,1.8,35.01
300010381, lago Vera,10381,2.2,43.78
300013746, Otmuchow,13746,9.4,13.29
300014723, Laguna Salada de Torrevieja,14723,1.9,17.12
300016225, Chivero,16225,13.2,22.81
300016309, Hardap,16309,13.6,21.68
300016311, lagoa Bambene,16311,2.5,54.28
348, lake Bankim,1574,20.1,163.86
10679,Albufera lagoon,14601,1.0,22.68
300011976, Kvarnbergsvattnet,11976,7.6,65.52
300013035, Aluksne,13035,7.4,14.96
300015885,Sudd,15885,1.1,29.02
300016021, Ambussel,16021,2.2,22.11
1562, embalse de Almendra,14471,71.5,37.05
3586, barrage Bin El-Ouidane,15136,73.7,20.15
300001248, Urnersee,1248,119.8,109.72
300015376, Siwa,15376,3.6,27.52
300015755, Ho Ya Li,15755,22.9,45.37
300015873, Maduru Oya,15873,12.3,48.59
300015875, Noung Jur,15875,1.0,35.37
300015900, Tasik Pedu,15900,20.5,51.02
300015976, lac Burera,15976,54.1,48.59
300016239, Itasy,16239,7.6,30.82
480, Ratchaprapha,1559,38.9,144.91
300001545, Barrage de Bagre,1545,10.1,167.87
300015657, Zzzz,15657,9.4,37.59
300015696, Nam Um,15696,13.5,38.44
300015839, Lere,15839,5.2,41.81
300015880, Senanayake Samudra,15880,14.9,63.8
300016109, Quilunda,16109,4.0,23.09
300008804, Grand lake,8804,2.2,63.34
300014804, Oubeira,14804,6.3,20.07
300016034, Balangida Lehu,16034,4.5,36.37
308, Zzzz,9965,72.5,82.8
429, Kenyir lake,1581,41.7,326.38
200000010,Al-Wahda,14957,51.2,74.28
200000036, West Ngalabalab swamp,1406272,1.4,0.28
300009690, Alacranes,9690,2.5,59.3
300009713, embalse Zaza,9713,24.7,41.27
300009785, Northern Lagoon,9785,1.3,39.85
300009850, laguna de Arenal,9850,25.9,85.59
300010233, laguna Langui,10233,41.8,55.32
300014405, lake Toya,14405,52.5,69.96
300014495, Semkir,14495,11.0,73.64
300015380, Wadi Al Rayan,15380,26.0,50.34
300015901, lac Togo,15901,5.3,49.58
300015924, Tele,15924,6.0,23.1
300015953, lac Azingo,15953,11.4,55.31
300015975, Ikimba,15975,6.6,40.64
300016110, lake Mweru Wantipa,16110,1.1,37.83
300015626, Inle lake,15626,1.8,47.65
541, lake Bamendjing,1576,10.1,198.16
948, lago Maggiore,1275,83.8,208.19
300010261, Lagunillas,10261,12.5,64.14
300013258, Siverga,13258,2.3,49.32
300014514, lake Volvi,14514,9.9,65.2
300015950, Nakuru,15950,7.8,41.03
300016223, lake Manyame,16223,6.5,75.18
182, lac de Buyo,1573,16.3,509.2
300001619, Quiminha,1619,12.7,123.16
300013782, ozero Tore-Khol',13782,9.2,70.02
300014338, lake Kussharo,14338,37.4,78.54
300015949, Nabugabo,15949,2.5,33.13
300016266, Nkokwane Pan,16266,2.8,70.55
300016372, Kosi,16372,13.8,30.45
274, Roseires reservoir,1543,13.3,225.28
457, lago Gatun,874,1.6,332.81
300001398, Tarbela dam Haripur,1398,66.9,208.47
300010368, lago Ypacarai,10368,8.4,57.82
300013159, Osveya,13159,3.3,48.98
564, Sudoche Ko'l,14344,1.4,57.55
300009807, Laguna Kohunta,9807,4.8,46.81
300009809, lago de Yojoa,9809,42.4,79.01
300015374, Wadi El Rayan,15374,26.0,49.78
300016389, Sibayi,16389,11.5,61.35
286, lake Murray,1613,5.0,586.81
478, Ndogo lagoon,1599,17.7,375.79
300001530, Pasak Chonlasit,1530,51.5,115.46
300009854, Capote,9854,1.3,53.18
300014478, Kerkini,14478,8.7,53.42
300014660, Umar,14660,7.7,62.53
300016017, Burungi,16017,2.0,50.06
460, Gariep dam,1678,19.3,294.36
372, Kaptai lake,1499,19.8,326.94
499, Congo river,1409081,4.6,0.13
567, Falcon reservoir,855,32.5,120.78
300014333, Busko Blato,14333,16.3,49.33
300014651, Karabulak,14651,13.9,65.15
300014891, lake Shinji,14891,9.1,79.88
130, Rainy lake,710,8.0,826.48
1357, lac Fitri,1541,1.3,182.91
300014387, lake Shikotsu,14387,76.9,77.72
300015283, Zzzz,15293,1.0,57.19
161, Salto Grande dam,964,10.3,533.46
300001551, Maga,1551,0.4,115.94
300009815, laguna Pahara,9815,3.0,96.53
300015778, Naujan lake,15778,19.3,81.89
108, lac de Kossou,1568,55.3,500.38
574, lake Mbakaou,1572,12.7,204.93
1321, barrage Al Massira,15102,31.9,86.43
330, Sinakharin,1533,51.4,346.4
300015892, lake Bosomtwe,15892,33.8,49.16
65, lago Itaipu,82,25.1,1156.44
401, lago Bayano,875,15.7,253.97
144, Zzzz,92,14.3,1098.17
300001549, Tri An,1549,10.0,277.48
200000004,Sebkha-D'Oran,174368,1.3,1.23
300001316, Vpadina Ayakalytma,1316,3.5,106.09
200000002,Zehrez-Chergui,1372215,3.2,0.51
386, lake Manantali,1540,25.7,438.38
200000003,Chott-Ech-Chergui,1372517,3.0,0.54
221, lash Wa Juwayan,1435,3.0,488.53
200000006,Toshka,1492,10.3,496.62
300001612, Mtera,1612,7.2,443.68
200000001,Guerrah-Et-Tarf,1368,6.0,203.35
397, lake Manyara,1604,3.0,546.19
200000011,Chott-El-Hodna,174392,3.9,1.09
200000007,Nwetwe-Pan,173,0.5,2589.79
229, Zuun Tooroi lake,1219,4.5,803.78
175, Songkhla lake et al,1567,3.0,824.58
300000138,Aydar,138,16.2,2742.41
300001611, Sulunga,1611,0.5,801.86
200000008,Sua-Pan,174,2.0,2962.07
200000012,Etosha-Pan,16231,1.8,40.13
197, Garabogazkol basin,14,101.0,18666.8
300010602, lago Puelo,10602,87.3,44.41
300010652, Nansen,10652,60.9,39.61
300010609, lago Menendez,10609,112.6,53.02
300010593, lago Trafull,10593,84.9,74.91
300010614, Amutui Quimey,10614,68.2,82.16
300010690, Yehuin,10690,25.6,42.89
300010470, embalse rio Tercero,10470,12.1,46.45
300000984, Huechulafquen lake and Epulafqu’©n lake and lago Paimun,984,76.2,105.09
300010554, Zzzz,10554,6.5,64.38
300010590, Alicura,10590,60.2,53.39
300010537, Alsina,10537,2.6,85.72
300010539, Cochico,10539,2.4,49.83
300010567, lago Alumine,10567,18.9,55.9
300010626, lago Fontana,10626,24.5,80.7
300010656, Quiroga,10656,30.7,46.61
300010560, Chasico,10560,3.8,56.64
300010563, Salinas Grandes,10563,4.2,51.4
300010540, Venado,10540,2.5,70.28
300010435, Zzzz,10435,1.1,54.25
300000977, Casa de Piedra,977,16.8,238.12
300000972, Tunas Grandes,972,2.0,142.45
300016205, Zzzz,16205,1.6,41.14
300016510, Baladjie,16511,3.3,44.21
300016505, Peery,16505,2.5,44.78
300016597, Dumbleyung,16597,6.9,44.75
300016665, Arthurs lake,16665,8.8,51.67
300001694, lake Hume,1694,27.4,110.94
300016506, Deborah West,16506,4.6,61.55
300001695, lake Eucumbene,1695,39.5,121.46
300001701, lake Pedder,1701,67.7,230.06
300001665, Rasen,1665,7.0,212.69
300016144, Zzzz,16144,1.5,73.38
300016507, Deborah East,16507,4.4,46.59
300001646, Auld,1646,6.9,195.13
300016509, Seabrook,16509,5.6,44.77
300016602, lake Ballyrogan,16602,2.9,50.6
300016632, Waranga basin,16632,9.1,44.98
300001642, Percival,1642,7.2,218.78
300016514, Hanson,16514,4.1,59.54
300016482, Salt,16482,5.4,51.29
300001664, Malapula,1664,8.3,105.31
300016504, Younghusband,16504,9.5,84.53
300001666, Waigen,1666,4.2,107.57
300016252, Zzzz,16252,1.7,90.42
300001656, Wells,1656,7.1,191.69
300001676, Rebecca,1676,4.7,120.66
300016517, Hart,16517,3.7,56.54
300016537, Dutton,16537,4.2,51.34
300001643, Buchanan,1643,1.7,120.31
300001672, Raeside,1672,4.3,182.56
300001648, Disappointment,1648,0.5,647.6
300001645, Dora,1645,6.3,298.12
300001674, Yarra Yarra,1674,6.5,115.19
300001639, Gregory,1639,5.4,127.28
300001655, Carnegie,1655,0.5,827.24
98, lake Argyle,1632,13.0,829.36
300001681, Lefroy,1681,0.2,499.83
398, lake Woods,182552,0.5,1.01
300001669, Blanche,1669,2.9,466.74
300000178, Gairdner,178,1.0,3373.98
300016302, Macleod,16302,1.3,46.57
300000177,Torrens,177,0.5,3539.2
100000002,Eyre,175,3.0,8026.7
300010231, Huachi,10231,14.8,48.65
321, laguna Larga,10188,4.8,90.57
300010196, La Porfia,10196,1.9,55.86
300010299, Concepcion,10299,4.0,54.09
300010214, Mamornadas,10214,3.5,73.02
300010266, San Jorge lake,10266,6.7,67.47
300010271, Nuevo Mundo,10271,9.3,55.13
300010247, Los Anteojos,10247,3.3,66.84
300010187, Las Habras,10187,2.0,72.17
300000918, Huaytunas,918,5.6,325.01
496, Volta Grande dam,936,12.2,178.4
300009988, Piraruaca,9988,2.7,68.04
300118181, lago do Padre,118181,1.0,2.96
283, lagoa Araca et al,9976,1.7,11.59
510, represa da Boa Esperanca,914,16.3,311.16
139, represa de Furnas,943,24.7,928.08
300010436, lagoa Pinguela,10436,3.8,47.32
300010100, Sampaio,10103,4.6,34.26
199, Capivara dam/rio Paranapanema,950,25.9,407.17
188, represa Tres Marias,928,26.3,799.76
217, rrepresa Marimbondo,940,17.6,348.81
440, rio Andira,898,20.2,321.62
300000910, Jari,910,19.3,182.76
203, represa de Sao Simao,931,21.5,583.59
446, rio Maues-Acu and rio Marau and rio Parauari,903,37.8,388.07
300010243, Manso,10243,52.6,49.39
259, represa de Tres Irmaos,942,22.7,591.71
560, lago Piorini,905,15.6,249.6
238, lago das Brisas,929,51.0,333.17
300000946, represa de Promissao,946,14.5,511.18
341, represa Emborcacao,930,85.3,206.21
342, represa de Xavantes,952,25.8,341.19
359, rio Uatuma,895,29.2,318.57
553, represa de Jupia/Engineer Souza Dias dam,944,12.7,289.24
216, Itaparica dam/Luiz Gonzaga dam,915,15.7,687.51
129, represa de Ilha Solteira,80,19.7,1077.23
96, lago de Serra da Mesa,922,59.0,922.61
300009989, Camapu,1080814,0.5,0.2
52, represa de Tucurui,76,21.1,2349.17
19, lago de Sobradinho,77,13.0,2614.96
200000071,Patos Lagoon,1105376,1.3,0.42
300000308, Smart lake,308,11.3,110.75
300000655, Walker,655,58.7,141.53
300001737, Zzzz,1737,22.2,41.5
300002811, Zzzz,2811,29.4,68.96
300002857, Joe lake,2857,10.7,52.26
300002970, Turton,2970,33.2,49.29
300003205, Zzzz,3205,8.0,48.18
300003251, Zzzz,3263,32.1,31.87
300003589, Reindeer,3589,10.5,50.13
300004151, Sibbeston,4151,7.6,47.56
300004666, Poorfish lake,4666,7.4,57.72
300005435, lac Qullinaaraaluk,5435,23.2,51.48
300005860, Jones Bay,5860,5.3,50.06
300005962, McIntosh lake,5962,19.2,62.19
300006003, High Hill,6003,3.0,43.97
300006033, Bar,6033,7.5,48.89
300006289, Juillet,6289,2.0,45.32
300006498, lac Craven,6498,4.3,46.93
300006671, Sims lake,6671,6.1,91.74
300007563, Little Vermillion lake,7563,8.5,55.15
300008294, Duparquet,8294,12.2,47.94
288, Highrock lake,489,34.1,491.06
404, Churchill lake,482,15.2,426.86
544, lac de la Pointe,600,10.9,282.47
300000651, Adams lake,651,131.0,131.85
300000659, Savant lake,659,10.3,128.34
300000716, lac Preissac,716,14.3,112.15
300001914, Zzzz,1914,10.7,53.55
300002317, Zzzz,2317,12.8,40.95
300002332, Zzzz,2332,10.9,44.84
300002718, Manuel lake,2718,14.7,51.87
300003271, Little Crapeau,3271,21.4,34.66
300003350, Rebesca lake,3350,36.5,65.03
300003911, Zzzz,3911,20.6,61.54
300004897, Beaverlodge Martin Nero Lakes,4912,26.8,47.68
300005072, Burnie,5072,4.0,47.65
300005104, Nicklin,5104,4.1,48.56
300005171, lac Ballantyne,5171,2.6,47.4
300005364, Close,5364,14.0,47.03
300006171, Red Cross lake,6171,2.4,50.34
300006351, Ney,6351,2.6,46.32
300006584, Fraser lake,6584,29.0,54.13
300007173, North Spirit lake,7173,10.5,66.8
300007706, Goyelle,7706,39.3,50.81
300008096, lac Pusticamica,8096,14.8,70.3
300008408, lac Gueguen,8408,5.6,51.39
392, Cabonga reservoir,736,3.0,434.11
394, Dozois reservoir and Grand lac Victoria,732,5.7,328.96
300003035, Yen,3035,8.1,43.41
300003605, Kirk lake,3605,5.7,62.47
300003644, Munn lake,3644,15.9,69.51
300003701, Gibson lake,3701,5.4,85.24
300004030, Oman lake,4030,8.5,61.72
300004781, Gladys lake,4781,27.9,73.25
300004793, Andrew,4793,14.7,52.8
300005808, Harding lake,5808,10.9,53.09
300006356, Pinchi lake,6356,41.4,55.28
300007603, Ten Mile lake,7603,13.6,50.01
300007621, Kagianagami lake,7621,10.9,76.87
300007718, Lac Berte,7718,24.5,67.68
300007748, Onistagane,7748,10.4,62.71
300007752, Ara lake and Meta lake,7774,9.8,48.84
300007891, Portland Creek Pond,7891,10.1,32.08
300007930, Big Vermillion lake,7930,10.5,69.39
300008244, Cowichan lake,8244,49.7,62.2
300008393, Granite,8393,13.2,60.53
300000654, Whitewater lake,654,12.9,114.81
300001784, Zzzz,1784,19.4,62.07
300003811, Williams,3811,5.9,46.97
300003861, Zzzz,3861,12.7,50.62
300003970, Zzzz,3970,29.9,52.78
300004357, Quiet lake,4357,60.5,54.22
300005213, Quinn,5213,2.9,42.45
300005316, Kakiattuq,5316,7.5,43.3
300005460, Namur,5460,13.2,43.31
300006275, Carp lake,6275,21.1,56.11
300006537, lac Wawa,6537,7.7,58.02
300006579, Morice lake,6579,90.4,97.17
300007237, Sylvan,7237,15.0,42.38
300007638, Du Tast,7638,5.6,46.24
300008270, Frederick House,8270,10.1,38.67
224, lac Minto,452,14.1,774.91
357, lacs des Loups Marins,473,30.7,485.67
406, Tagish lake,401,80.1,352.0
300000369, Aishihik lake,369,49.7,147.43
300000579, Francois lake,579,76.7,253.03
300000704, Gander lake,704,34.6,120.05
300001905, Zzzz,1905,20.5,39.7
300001994, Zzzz,1994,44.9,54.34
300002057, Zzzz,2057,21.8,55.25
300002119, Hansteen lake,2119,9.9,55.37
300002202, Tasseriuk,2202,5.5,39.91
300002480, Zzzz,2480,22.9,45.91
300002816, Takijuakataluk lake,2816,28.4,58.12
300003640, Zzzz,3640,8.6,51.05
300004396, Ray lake,4396,6.5,75.37
300005345, Mayson,5345,10.6,42.46
300005677, Limestone lake,5681,3.1,22.53
300007318, Sullivan,7318,3.0,48.5
300007351, Canim lake,7351,49.2,56.1
300008202, Quevillon,8202,12.2,48.19
300008481, Manouane,8481,20.5,50.31
300000709, Dog lake,709,33.3,144.26
300002066, Zzzz,2066,6.7,46.95
300003191, Zebulon lake,3191,15.4,48.69
300003841, Weyburn,3841,3.1,45.26
300004013, Hornell lake,4013,19.6,50.96
300004337, Mallet lake,4337,9.8,60.88
300005323, Big Flat,5323,2.7,47.5
300005336, Engemann,5336,9.9,48.69
300007773, North Shoal,7773,1.0,32.12
300008127, Black Sturgeon,8127,18.8,48.89
118, Gouin reservoir,60,6.5,1318.78
402, Diefenbaker lake,643,25.2,391.72
490, Teslin lake,394,69.7,355.58
300000465, lac Nachicapau,465,27.3,132.84
300002123, Zzzz,2123,13.3,59.03
300002212, Qikiqtaqtuuq,2212,1.9,41.1
300002919, Laughland lake,2919,38.4,52.99
300003365, Zzzz,3365,14.1,49.62
300003634, Zzzz,3634,5.0,60.75
300004477, Fitzpatrick,4477,7.7,49.62
300004528, Thuchonilini lake,4528,4.8,43.18
300005063, Wentzel,5063,10.0,47.14
300005648, Eden lake,5648,12.5,69.6
300006293, Tezzeron lake,6293,23.8,80.47
300006409, Touchwood lake and Vermilyea lake,6409,6.1,83.74
300006645, Opinnagau lake,6645,2.7,58.53
300007084, Weaver lake,7084,7.5,54.63
300007494, Fawcett lake,7494,4.9,50.95
300008388, Round Pond,8388,9.4,49.76
174, Island lake,576,20.1,964.63
368, lac Manouane,661,4.7,471.19
370, Upper Arrow lake,698,22.2,510.05
516, North Caribou lake,615,9.7,319.54
557, Lynx lake,339,10.1,274.25
300000525, Bear lake,525,6.3,148.38
300000540, Neret Malaval Lakes,540,6.3,293.32
300000619, Quesnel lake,619,158.9,270.64
300002163, Middle lake,2163,3.5,66.38
300002166, Banning lake,2166,7.8,65.73
300003237, Thistle,3237,6.7,44.29
300003606, Sarah lake,3606,17.3,50.84
300003890, Duncan lake,3890,21.4,69.27
300004095, McDonald lake,4095,55.1,83.17
300004530, Wolf lake,4530,35.7,72.73
300004906, Milton,4906,7.7,48.26
300006025, Silsby lake,6025,3.1,66.93
300006864, lac Duncan,6864,5.4,97.32
419, Atikonak lake and lac Aticonac,607,13.0,393.17
300003835, Greasy lake,3835,5.1,68.18
300005829, Suwannee,5829,9.2,49.74
300008201, Hinds,8201,5.1,54.43
313, Scott lake and Wignes lake,410,11.0,533.23
421, lac Joseph and Kepimits lake,617,10.1,377.75
300000349, Zzzz,349,15.9,109.46
300002883, Bathurst lake,2883,38.1,82.46
300002949, Tatui,2949,5.0,43.15
300003430, Judge Sissons lake,3430,12.1,98.59
300004109, Cli,4109,24.4,43.2
300007453, Good Spirit,7453,3.9,46.74
300008341, Great Burnt Crooked Lakes,8341,6.9,90.62
248,  reservoir aux Outardes 4,688,41.5,586.64
345, Ashuanipi lake/Shabogamo lake,606,12.9,531.71
565, Okanagan lake,695,107.3,348.59
300001879, Zzzz,1879,15.2,57.04
300003732, Parker lake,3732,24.6,87.45
300003949, lac Levis,3949,3.7,53.81
300004655, lac Duquet,4655,12.0,58.81
300004989, Richard lake,4989,5.0,79.92
300006490, Balsam Brook,6490,4.1,48.06
300008088, Nagagami lake,8088,7.1,53.95
232, Point lake and Redrock lake and Rocknest lake,278,28.0,976.92
324, Angikuni lake,346,15.4,525.56
451, Mirond lake and Pelican lake and Jan lake,529,24.2,213.44
300000541, Trembleur lake,541,63.4,115.67
300002129, Jamesee lake,2129,4.4,70.2
300002896, Zzzz,2896,9.6,50.8
300003273, Big lake,3273,7.8,66.03
300004144, Penylan lake,4144,5.0,96.93
300004433, Cormack,4433,2.7,42.8
300005354, Etawney lake,5354,5.4,69.94
300008770, lake Kagawong,8770,14.7,56.24
468, Kootenay lake,696,179.0,421.55
493, lac Matagami and lac Soscumica,676,15.6,255.43
519, Yamba lake,269,16.7,332.67
300000636, Chilko lake,636,90.5,185.89
300005889, South Wabasca lake,5889,7.0,62.13
300006797, Brightsand,6797,8.5,45.35
290, Michikamau lake,597,4.7,762.29
374, Whitesail lake and Nechako reservoir,591,28.4,839.1
517, lake Pletipi,638,11.7,306.61
300000337, Mary lake,337,20.6,163.64
300000347, Big Rocky lake and Little Rocky lake,347,8.1,140.78
300000428, Riou lake,428,7.0,163.16
300001887, Zzzz,1887,20.6,65.21
300003763, lac Tete d'Ours,3763,10.0,61.61
300005839, Orr lake,5839,5.8,51.9
300008713, lake Ainslie,8713,18.9,57.18
251, Cross lake,548,6.1,286.17
371, Tehek lake,265,20.6,450.06
432, lac Albanel,645,19.1,406.17
568, Rennie lake,360,12.8,213.74
300004104, Carr lake,4104,24.3,95.76
300006162, Sturgeon,6162,10.0,47.57
223, lac Pipmuacan,697,17.6,790.1
285, lake St Joseph,644,5.7,506.21
503, Nejanilini lake,420,7.7,290.94
300000437, Tadoule lake,437,9.6,296.02
300000566, Pierce lake,566,6.7,111.17
169, Wholdaia lake and Anaunethaa lake,383,10.7,579.88
275, Clinton-Colden lake,307,13.4,595.23
437, Kinbasket lake,628,59.6,419.13
300000485, lac Otelnuk,485,10.6,128.84
300003809, Zzzz,3809,5.4,67.81
300006407, Echoing lake,6407,4.9,53.82
107, lac Seul,56,4.5,1248.75
384, Babine lake,517,74.2,465.2
300004657, Pilot,4657,20.8,43.23
300005999, Whitefish lake,5999,4.0,58.8
300003602, Bissett lake,3602,10.2,64.92
300004787, Maxhamish,4787,7.7,47.92
300006495, Moshikopaw,6495,2.6,51.52
211, Nonacho lake,359,15.3,865.24
292, Selwyn lake,409,11.8,564.14
353, lac Payne and lac Tunusuk,423,15.4,487.93
300002559, Zzzz,2559,15.4,58.74
300003024, Zzzz,3024,12.0,84.96
335, reservoir La Grande 4,585,24.2,805.72
155, lac Bienville,530,13.0,962.67
396, MacAlpine lake,234,16.0,392.01
512, Whitefish lake,334,11.6,308.72
226, Clinton-Colden lake,290,19.7,800.94
246, Kaminak lake,340,14.7,523.17
282, lac Sakami,596,52.0,628.91
424, Erichsen lake,192,13.7,350.65
570, Seagull lake,683,17.6,349.26
300000250, Zzzz,250,9.6,105.75
300000311, Fletcher lake,311,11.6,162.29
159, Petit lac Opinaca and lac Low and reservoir Opinaca and lac Mischechun and lac Mistatikamekw and lac Mistamiskwas and lac Menouow and lac Wapakusi and lac Uskawanis,623,9.1,929.1
162, Contwoyto lake,22,22.2,1053.82
184, Warburton bay and MacKay lake,287,20.7,966.57
514, Tazin lake,412,43.0,376.14
300004112, Imikula lake,4112,9.0,94.38
300007960, lac Grasset,7960,4.3,87.43
254, Ennadai lake,370,19.6,709.89
270, lac Evans,649,17.2,471.37
83, Nueltin lake,29,100.0,1917.62
320, Kaminuriak lake,332,25.8,487.94
300000328, Beaverhill lake,328,12.9,119.69
82, lac Manicouagan,55,79.0,1795.64
373, Tebesjuak lake,303,19.9,499.53
449, Wharton lake,293,26.4,412.11
300000274, Mingo lake,274,14.8,226.35
334, Artillery lake,327,24.3,516.24
54, La Grande Riviere reservoir,46,22.4,2758.99
315, Ferguson lake,208,3.0,564.14
395, Princess Mary lake,302,21.2,480.03
253, lac Guillaume-Delisle,481,60.0,711.63
438, Schultz lake,273,22.7,411.08
300000223, Horton lake,223,13.0,171.25
573, Meelpaeg reservoir,720,15.0,314.12
575, Lady Melville lake,216,36.4,400.11
417, Bluenose lake,218,29.1,425.67
467, lac Couture,405,12.7,257.06
76, lake Mistassini,54,75.0,2182.5
168, Caniapiscau reservoir,43,15.2,3543.41
227, Garry lake and Upper Macdougall lake,240,14.3,361.45
365, Snowbird lake,395,14.2,483.5
413, Mallery lake,297,14.1,460.6
469, Netsilik lake,211,4.2,393.23
252, lac de Gras,279,9.6,699.94
178, Takijuq lake,21,48.1,1031.69
280, Big Trout lake,587,16.0,644.1
319, South Henik lake,372,21.7,573.23
126, Yathkyed lake,28,23.2,1336.49
264, Kamilukuak lake,335,21.1,660.74
189, Hottah lake,258,6.7,950.73
63, La Grande Riviere reservoir,47,25.0,2401.01
152, Aberdeen lake,24,31.6,1102.61
128, lac a l'Eau Claire,39,30.0,1238.65
269, Tulemalu lake,319,37.8,663.36
124, Kasba lake,30,15.7,1330.11
97, Baker lake,25,60.0,1664.7
27, Michikamau lake,49,5.6,5814.1
49, Dubawnt lake,26,25.5,3583.21
56, Amadjuak lake,23,24.8,2994.94
300010573, Caburgua,10573,80.0,49.01
300010599, Chapo,10599,100.8,43.73
300010583, lago Maihue,10583,82.9,48.32
300000993, lago Yelcho,993,127.6,116.18
300010577, lago Rinihue,10577,90.8,88.07
300000985, lago Panguipulli,985,75.0,110.56
300010628, lago Yulton,10628,90.1,55.07
300010533, laguna del Maule,10533,30.2,47.08
300000991,Todos los Santos,991,143.6,173.59
300014933, Tso Tang,14933,2.3,22.52
300015260, Longkou Yezhu Lakes,15260,2.7,21.75
300001297,Soungari,1297,47.4,193.3
300014357, Huri Chagannao'er,14357,3.5,57.32
300014663, Sukuqiake,14663,1.0,29.15
300014944, Changhu,14944,13.2,42.01
300015268, Baidang,15268,2.7,37.52
300015655, Daguang,15655,48.6,35.16
300015058, Rebang,15058,3.4,37.06
300014875, Deyu,14875,5.4,43.79
300014900, Chaoyang,14900,2.8,42.96
300015240, Qoi'nyi lake,15240,1.8,49.15
300014556, Xiaoerkule,14556,2.7,48.45
300014572, Yonganba,14575,4.4,47.49
300014904, Doucuo,14904,14.0,47.44
300014959, Orba lake,14959,21.5,91.22
300014629, Hongjian,14629,3.3,46.41
300014941, Shilianghe,14941,7.7,38.93
300014998, Tuoheping,14998,8.5,32.97
300015248, Shen,15248,8.3,42.5
300014878, Qinma lake,14878,17.4,99.99
300014930, Pur,14930,15.1,39.48
300015160, Gopug lake,15160,7.1,60.2
300015175, Cuona lake,15175,8.6,53.09
300015431, Lugu,15431,51.3,50.03
300015169, Daru,15169,6.8,58.8
300015252, Maerxia,15252,7.0,70.76
300015455,Chenghai,15455,41.7,74.75
300015002,Xuelian-hu,15002,5.8,40.23
300015217, Chenghu,15217,1.9,42.26
300015276, Kunggyu lake,15276,6.6,58.81
300015405, Zhegu lake,15405,5.1,61.67
300015115, Yaggain,15115,22.8,42.62
300015265, Garen lake,15265,20.1,65.39
300001323, Yuqiao,1323,13.1,118.62
300014041, Daqing,14041,1.0,49.96
300014966, Qingche lake,14966,9.9,61.08
300015178, Gemang lake,15178,8.8,54.89
300015419, Como Chamling,15419,13.3,49.37
300015030, Cemar,15030,3.3,33.01
300015125, Naiqam,15125,3.7,41.12
300014787, Ga Hai lake,14787,3.9,47.38
300014948, Surigh Yilganing,14948,4.7,50.75
300015130, Zhaxi,15130,5.8,46.89
300015245, Argog lake,15245,10.8,58.45
261, Yang Zhuo Yong lake/Yamzho Yumco,1473,28.2,566.97
300015267, Dibu lake,15267,17.3,60.05
466, Xinanjiang reservoir,1467,50.9,424.57
300014153, Nanyin,14153,1.8,73.78
300015037, Chagbo,15037,2.2,35.22
300015197, Zigu lake,15197,25.8,72.23
300001459, Gyesar lake,1459,37.9,141.9
300014943, Dulishi lake,14943,7.5,71.81
300014984, Laxiong lake,14984,9.4,57.48
300015257, Ringco Ogma,15257,4.8,56.08
300015424, Duoqing lake,15424,4.4,62.15
300001252, Dalonghu,1252,6.9,132.18
300015296, Yoqag,15296,6.7,68.93
300001382, Bangdag lake,1382,8.5,107.02
300015978, Crique de Banga,15978,6.0,24.83
300015985, Crique de Gongo,15985,6.0,25.51
300015983, Crique d'Obeke,15983,5.9,44.44
300016120, Zzzz,16120,1.0,41.88
300015812, Afambo,15812,28.6,34.59
300015883, Melka-Wakena,15883,18.4,40.65
300015815, Abbe,15815,3.7,22.0
300015816, Hayk,15816,20.7,21.99
537, Chew Bahir,1406060,2.1,0.58
300011716, Miekojarvi,11716,14.3,53.35
300012266, Pyhajarvi,12266,17.3,59.6
300012628, Urajarvi,12628,11.6,14.32
300012163, Alvajarvi,12163,7.1,45.97
300012424, Kangasjarvi,12424,10.3,19.62
300012614, Pyhajarvi,12614,19.7,61.51
530, Zzzz,1133,29.0,393.09
300001141, Zzzz,1141,10.9,115.72
300012023, Zzzz,12023,10.3,81.77
346, Zzzz,1117,5.4,640.85
300001112, Zzzz,1112,18.4,182.25
300011834, Kostonjarvi,11834,9.7,43.03
422, Zzzz,97,7.8,1133.97
300012019, Zzzz,12019,12.3,94.45
369, Zzzz,1135,29.7,303.61
300165102,Muggelsee,165102,6.9,6.98
300013595, Duemmer,13595,1.1,12.83
300013992, Walchensee,13992,50.5,15.7
300013383, Selenter,13383,4.8,19.9
300013431, Kummerower,13431,4.2,31.52
300013475, Koelpinsee,13475,5.1,19.05
300013962, Ammersee,13962,15.6,44.98
300013966, Starnberger see,13966,22.6,54.77
300013454, Schwerin,13454,7.8,33.16
300013601, Steinhuder,13601,3.3,26.85
300002685,NN Glacial Lake,2685,27.6,64.88
300002545,Nassuttuutaata tasia,2545,41.0,64.08
300000185,Fureso,185,179.6,123.39
300001720, Zzzz,1720,60.8,63.22
300002493, Giesecke So,2493,55.0,76.0
300002892,NN Glacial Lake,2892,51.1,55.48
300003095, Qaamasoq,3095,24.1,48.61
300003969,Knagaarsuup Tasersua,3969,78.0,75.41
300001508, Indravati,1508,21.7,105.87
300015630, Madhuban,15630,14.9,38.0
300015714, Jurala,15714,12.3,27.56
300015638, Isapur,15638,15.3,81.78
300001497, Hasdeo Bango,1497,32.9,103.78
300015554, Chandil,15554,58.4,33.55
300015361, Ramganga reservoir,15361,52.0,47.16
300015536, Mahi Bajaj Sagar,15536,9.8,42.77
300015538, Halali dam,15538,7.3,34.62
300015811, Bhavanisagar,15811,31.9,29.12
300015520, Masanjore,15520,9.7,63.55
300015606, Upper Wardha,15606,12.8,61.94
300015672, Lower Manair,15672,13.8,49.45
300015557, Nalsarovar,15557,1.0,18.77
300015650, Majalgaon,15650,9.7,46.58
300015697, Yeleru,15697,32.3,39.55
300015736, Supa,15736,46.6,89.71
300001496, Bargi Dam,1496,25.6,153.38
300015761, Bhadra reservoir,15761,20.8,97.39
300015552, Barna,15552,11.6,46.63
498, Nagarjuna sagar,1519,59.2,195.9
289, Srisailam Dam reservoir,1524,16.3,536.42
300015523, Dharoi,15523,5.1,14.78
300015502, Rajghat,15502,46.5,46.72
300001503, Rengali,1503,16.2,310.88
300001509, Sriram Sagar,1509,9.4,335.78
300016090, Waduk Gadjah Mungkur,16090,8.1,69.23
300015914, Danau,15914,56.0,57.69
300015927, Tondano,15927,12.0,44.56
300016052, Waduk Jatiluhur,16052,36.3,70.36
300016024, Sidenreng,16024,1.2,37.23
300015994, Kerinci,15994,9.5,43.56
300001600, lake Matano,1600,61.3,160.89
300001589, lake Singkarak,1589,44.9,108.05
300001609, danau Ranau,1609,76.9,125.35
300015151, Maysan Wetlands,15151,1.0,32.54
576, Mosul dam lake,1355,36.0,346.9
208840,Mantua lakes,170999,2.4,5.86
15600,Idro lake,14176,50.6,10.28
300014185,Iseo,14185,70.9,58.67
300001274,lago di Como,1274,103.0,145.18
300013760, Kokay,13760,1.6,45.06
300013715, Zzzz,13715,4.2,58.52
300013516, Zharkol,13516,1.7,59.85
300013529, ozero Imantau,13529,7.9,51.74
300013597, Tobol,13597,10.9,75.03
300013778, Samarkandskoe,13778,4.3,44.85
300014360, Tasytkolskoye Water reservoir,14360,13.3,46.51
300014331, Sorbulaq,14331,5.5,61.98
300013582, Zhaksy Zhangyztau,13582,15.0,41.62
300014323, Koshkar-Ata,14323,1.1,53.85
300013751, Isey,13751,1.3,50.4
300014354, Akkol,14354,3.6,46.93
300013575, Zhanshura,13575,3.4,50.59
300013647, Karasor,13647,1.8,87.42
300009733, Solis,9733,28.7,42.52
300009784, Penitas,9784,77.9,19.05
300009639, Adolfo Ruiz Cortines,9639,66.4,15.27
300009799, Laguna Pampa la Joya,9799,2.2,39.9
300009761, laguna San Francisco,9761,3.1,58.93
300009630, Zzzz,9630,1.7,61.83
300009692, La Tortuga,9695,5.2,57.98
300009704, El Chumbeno,9704,1.4,22.76
300009739,Patzcuaro,9739,11.6,77.01
477, Nezahualcoyotl,864,28.4,291.99
300009791, laguna de Tres Palos,9791,3.9,58.09
452, Miguel Aleman,862,16.8,387.61
300009691, Las Animas,9691,2.1,66.78
300000853, Bustillos,853,5.6,105.38
266, Infiernillo,861,32.4,288.01
234, Belisario Dominguez/La Angostura,866,16.2,566.28
300000850, Babicora,850,1.9,147.02
300013943, Ulaagchiin Khar lake,13943,24.4,87.32
300013919, Yakhi lake,13919,2.2,64.62
300016688, Poteriteri,16688,113.1,42.18
300016658, Waikaremoana,16658,75.2,48.91
300016680, lake Benmore,16680,30.0,73.44
300016679, lake Ohau,16679,36.9,57.62
300001704, lake Hawea,1704,100.5,147.87
300016649, lake Rotorua,16649,20.0,79.82
532, lake Te Anau,1707,168.8,332.56
300015798, Zobe,15798,6.2,28.77
300015858, Ikere Gorge,15858,6.8,38.89
300015857, Kampe Oyi,15857,11.8,25.36
300015805, Challawa Gorge,15805,14.3,65.19
506, lake Jeba,1557,13.1,274.76
300015836, Hawal River,15836,9.0,68.52
475, Tiga dam,1546,18.2,108.27
300001537, Goronyo Dam,1537,9.1,107.48
300134644,Rihpojavri,134644,25.5,5.7
300001038,Altevatnet,1038,9.6,107.5
300012455, Hornindalsvatn,12455,101.3,50.12
300012813, Mosvatn,12813,55.0,77.99
300001153, Randsfjorden,1153,60.9,138.88
300012213, Nesjoen,12213,9.5,65.51
300001094, Snasavatnet,1094,51.4,121.14
300001127, Femunden,1127,41.5,202.4
300011151, Iesjavri,11151,25.2,67.68
300014305, Oltina,14305,13.5,19.59
300011367, Lymbanato,11367,1.0,11.7
300011605, Layato,11605,15.2,12.34
300011810, Vyzhletskoye,11810,5.6,11.13
300011878, Zzzz,11878,13.3,46.77
300011916, Kem River,11916,7.7,52.2
300012341, Pyalozero,12341,15.5,15.3
300012361, Lum,12361,4.8,11.41
300012749, Bolshoy Kumikush,12749,58.8,16.63
300013149, Necheritsa,13149,5.3,14.82
300014150, Boykiyevskiy Liman,14150,1.1,17.83
300014180, Solenoye,14180,5.0,11.72
300136326, Toboy,136326,1.4,9.12
300140744, Korgovoye,140744,3.1,9.61
300164228, Chebarkul,164228,2.0,8.07
200000065, Zzzz,1254786,5.0,0.15
300001063, ozero Tembenchi,1063,45.8,108.98
300011233, Zzzz,11249,10.6,60.79
300011804, Varsh,11804,5.7,42.72
300013610, ozero Azas,13610,17.3,51.36
300013663, Gorkoye-Peresheyechnoye,13663,7.7,46.36
300012093, Pulozero,12093,6.0,48.6
300012287, Labyngkyr,12287,24.8,44.72
300013214, Metlinskiy Prud,13223,3.2,39.72
300001031, ozero Sobach'ye,1031,49.1,104.82
300010835, Gusinoye,10835,53.3,14.13
300011006, Laydy-Kyuyel Yaryppyt Lakes,11006,1.5,56.98
300011033, Kaluken,11033,36.8,42.4
300011279, Baut,11279,8.3,86.4
300012394, ozero Kenozero,12404,19.7,69.56
300013032, Seremo,13032,6.3,15.18
300001055, ozero Agata,1055,19.5,130.54
300012021, Nizhnevygskoye reservoir,12021,16.6,83.32
300012234, Verkhneye Volozero,12234,11.0,46.39
300013161, ozero Dvinye,13161,6.6,53.38
300013361, Kandrykul,13361,9.9,19.01
300013471, Khorosheye,13471,2.9,41.13
300013521, Surskoye,13521,20.2,85.77
300013705, Gilovskoye,13705,6.4,42.51
300001134, ozero Bol'shoy Sor and ozero Aytor,1134,12.8,155.56
300010851, Purinskoye 1-Ye,10851,8.7,51.17
300011866, ozero Oneko,11866,14.7,58.99
300011991, Shuyezero,11991,9.4,40.97
300012300, Parenskoye,12300,3.5,47.01
300012507, ozero Vedlozero,12507,24.3,53.94
300013176, Bolshiye Kasli,13179,5.3,35.83
300013313, Idgildy,13313,2.3,22.24
300012284, ozero Lizhmozero,12284,10.9,81.44
300012591, ozero Samotlor,12591,2.5,49.77
300001087, Zzzz,1087,13.3,118.42
300001123, Kolyma River,1123,3.3,446.41
300010732, Silyuyeturku,10732,18.7,42.95
300010794, ozero Nyagame,10794,19.3,50.77
300010866, Dolgoye,10874,4.0,63.03
300011784, Zzzz,11784,5.9,50.98
300013186, Yauzskoye Vdkhr,13186,10.5,40.89
300014249, Sengileyevskoye,14249,9.7,41.51
300011666, ozero Kanozero,11666,6.8,79.81
300012336, Sundozero,12336,18.4,41.87
300012654, ozero Otradnoye,12654,12.9,64.75
300001028, ozero Glubokoye,1028,11.9,124.3
300010750, ozero Ayaturku,10750,22.8,86.89
300010784, ozero Syruto,10784,16.5,60.55
300010974, Symytyr,10974,6.0,59.54
300012874, Ozero Tungar,12874,3.3,36.12
300012886, Temryak,12886,2.0,43.96
300013242, Beloye,13242,13.2,59.94
300013551, Kotokel' ozero,13551,35.8,65.67
300013762, ozero Khindigtik-Khol',13762,26.5,63.33
300001205, ozero Teletskoye,1205,144.1,218.4
300010987, Bakul,10987,9.5,58.6
300011025, Ukyulyakh,11025,2.8,41.53
300012060, ozero Sumozero,12060,7.4,71.8
300012639, Karpautur,12639,13.2,49.31
300012969, ozero Galichskoye,12969,4.6,72.0
300013283, Medvezhye,13283,5.0,60.42
300010918, Kyrbyt,10918,13.1,48.62
300012760, Enetor,12760,12.4,42.16
300001091, Zzzz,1091,14.3,103.4
300001118, ozero Palvozero,1118,36.4,101.38
300011357, Unestakh,11357,4.4,46.03
300012406, Nantlor,12406,2.1,41.24
300010787, Khelaliturku,10787,14.0,44.22
300011707, Nalimye,11707,17.2,44.23
300014300, Kubanskoye,14300,3.5,38.82
300010982, Bytynay,10982,14.3,53.02
300011781, Varchaty,11781,5.7,51.95
300012491, ozero Lekshmozero,12491,14.5,51.72
300013196, Uyelgi,13196,2.1,56.24
300011082, Nuchcha,11082,31.8,43.27
300011120, Ngevak-Yasaveyto,11120,7.6,41.19
300011184, Malyy Oler,11184,8.1,43.3
300011226, Ulakhan-Kelyuyekyan,11226,2.3,46.39
300011374, Arga-Ebe,11374,2.8,39.46
300012150, ozero Maslozero,12150,18.3,80.05
300013635, Shaksha,13635,7.1,52.19
300001083, Kunovat,1083,23.0,222.59
300010885, Bolshoye,10885,3.6,43.63
300011620, Ebe,11620,15.1,44.31
300011642, ozero Urdyuzhskoye,11642,1.0,48.22
300013091, Pleshcheyevo,13091,6.5,50.66
300011169, ozero Bolshoy Oler,11169,4.6,42.48
300012472, ozero Shotozero,12472,17.6,74.68
300001115, ozero Untor,1115,7.7,130.37
300011134, Yandeto,11134,1.5,53.63
300011237, ozero Sokhonto,11237,8.4,46.44
300012946, Chukhloma,12946,2.2,48.93
300013141, ozero Azhabachye,13141,9.5,64.91
258, Verkhnetulomskoye reservoir,1036,19.7,585.33
300001142, ozero Toremtor,1142,7.7,141.18
300011444, ozero Kalgyn,11444,15.8,64.29
177, lake Imandra et al,94,10.2,1063.61
300011445, Tetato,11445,7.8,65.54
364, Kureyka river,1058,19.8,500.23
522, lake Vodlozero,1121,13.8,353.71
300001024, ozero Yambuto,1024,4.5,108.1
300011089,  ozero Polovinnoye,11089,21.1,70.19
300001059, ozero Makovskoye,1059,19.4,164.31
433, ozero Keta,1033,27.7,420.87
300001016, ozero Yambuto,1016,62.9,177.51
300001009, ozero Kokoro,1009,21.0,158.81
80, Vilyuy dam,96,16.4,2190.47
548, lake Umbozero,1051,25.6,318.85
300001053, Eloygytgyn lake,1053,33.2,118.58
300001041, ozero Essey,1041,20.0,238.23
431, laguna Neskynpil'gyn,368173,3.2,0.16
300001007, ozero Kungasalakh,1007,43.9,259.71
218, ozero Khantayskoye,1040,73.0,901.17
300001048, ozero Yarato 1-e,1048,10.0,251.13
425, ozero Ubinskoye,1176,3.4,423.98
495, ozero Portnyagino,1008,29.8,375.48
331, ozero Lobaz,1012,15.4,563.76
7434,Norra Barken lake,12791,14.4,34.77
300013070,Vidoestern,13070,7.0,42.4
300013104,Moeckeln,13104,8.0,45.87
300013043,Rusken,13043,10.6,33.78
5729,Amanningen lake,12810,10.6,34.5
300011704, Karatj,11704,11.5,60.4
300012316, Holmsjon,12316,10.9,50.56
300013178, Vastra Ringsjon,13178,5.2,14.34
1679, Ekoln and Malaren,102,12.9,1083.13
300012879, Jarnsjon,12879,18.0,19.02
300013003, Mjorn,13003,15.2,54.34
300013156,Ivoesjoen,13156,11.9,49.85
300011663, Tjaktjajaure,11663,18.2,92.02
300013175, Hammarsjon,13175,1.0,16.76
300013120, Mien,13120,10.2,19.8
300013182,Oestra Ringsjoen,13182,5.3,24.63
300001098, Torron,1098,11.5,102.34
300012482, Sodra Dellen,12482,14.1,49.86
300012120, Stor-Rensjon,12120,18.8,48.48
758, Hornavan,1068,26.0,224.59
300014784, Seyhan Baraji,14784,32.6,36.78
300014510, Sapanca,14510,13.0,45.31
300014802, Koycegiz lake,14802,17.8,51.17
300014657, Nazik,14657,22.7,44.13
542, Karakaya reservoir,1337,49.2,194.88
300014682, Hazar lake,14682,35.1,77.43
300014741, Salda,14741,29.3,43.9
318, Keban dam,1332,77.0,398.79
300000140,Tuz,140,45.0,1664.71
300013668, Turske,13668,1.2,10.41
300013821, Lyman,13821,5.0,11.75
300013927, Dnistrovske,13927,39.9,75.13
300001256, Khadzhybeys'kyy lagoon,1256,30.1,109.87
300013767, KhNPP,13767,5.2,18.55
300013676, Pulemetske,13676,1.7,13.89
300013995, Zelenodilske,13995,2.3,15.02
215215,Morse reservoir,112158,13.2,4.6
215311,Geist reservoir,112190,12.9,5.75
215339,Eagle-Creek,112206,27.8,4.89
214687,Branched Oak lake,111913,24.5,6.16
6561,Squam lake,9046,2.4,26.8
12200,West Okoboji lake,9069,6.4,20.12
300000727, lake Chelan,727,6.5,127.7
300004816, Kulik,4816,37.9,47.1
300008339, Hungry Horse reservoir,8339,48.8,75.37
300008633, Long,8633,3.5,60.26
300008718, Chamberlain,8718,2.5,52.48
300008783, Traverse,8783,6.1,42.55
300009129, Chautauqua,9129,2.7,53.34
300009172, Trinity lake,9172,46.8,56.28
300004580, Zzzz,4580,2.1,47.09
300009151, Pymatuning reservoir,9151,9.9,55.19
300009523, lake Conroe,9526,20.0,43.7
300009528, Somerville,9528,29.1,43.58
300009484, lake Palestine,9484,6.9,47.09
300000767, lake George,767,24.5,113.39
300008638, Lida Crystal Lizzie Lakes,8641,9.0,24.06
300009124, Quabbin reservoir,9124,23.2,96.11
300009411, Hugo,9411,32.8,47.87
7739, Bemidji,8496,8.1,26.07
300001940, Sungovoak,1940,1.0,48.65
300004437, Telaquana,4437,24.7,46.45
300004974, lake Aleknagik,4974,21.0,84.02
300008306, Priest lake,8306,62.5,92.86
300008645, lake Gogebic,8645,6.5,52.64
300008848, lake Charlevoix,8848,18.5,68.39
300008924, Hebgen lake,8924,13.5,48.12
300009430, Ray Roberts,9430,34.7,68.71
10421, Hancock,9618,3.0,18.14
300009182, Grand,9182,3.7,49.75
300009460, lake Ray Hubbard,9460,9.0,79.89
298, Kentucky lake,801,13.2,574.74
10161, Pike Bay,8514,9.0,18.81
300009100, Koshkonong,9100,7.5,43.7
571, lake Francis Case and  lake Sharpe,764,10.3,228.45
6048, Poinsett,8966,5.4,30.61
300000725, Banks lake,725,8.3,106.65
300008411, Pelican,8411,6.4,46.62
300009243, lake Berryessa/Monticello,9243,29.6,66.28
300004634, Upnuk,4634,36.6,46.28
441, Eufaula lake,815,13.3,354.96
507, St John river,1065848,1.8,0.11
13484, Bitter,8859,1.7,24.43
300004287, Beluga,4287,27.4,42.45
300004882, lake Beverley,4882,32.3,90.72
276, lake Powell,802,207.6,120.75
100000033,Thomson,9015,2.6,48.75
300000773,Seneca,773,51.3,173.58
300000836, Richland-Chambers,836,13.7,156.51
300009432, Jim Chapman,9432,24.3,40.44
300009443, Lewisville lake,9443,39.2,65.48
300000772, Cayuga lake,772,4.8,171.19
300009360,Mohave,9360,22.7,98.68
300009636, lake Istokpoga,9636,2.4,91.0
300008819, Mullet lake,8819,12.3,67.14
300004419, Puk Palik,4419,1.0,50.46
300000430, Nonvianuk lake,430,24.7,131.69
278, lake Mead,809,63.2,580.95
300000771, Harney lake,771,6.9,122.0
378, Sevier lake,793,6.0,486.51
309, Zzzz,783,0.3,776.39
212, Teshekpuk lake,193,4.5,829.95
